,level_0,index,name,planet_status,mass,mass_error_min,mass_error_max,mass_sini,mass_sini_error_min,mass_sini_error_max,radius,radius_error_min,radius_error_max,orbital_period,orbital_period_error_min,orbital_period_error_max,semi_major_axis,semi_major_axis_error_min,semi_major_axis_error_max,eccentricity,eccentricity_error_min,eccentricity_error_max,inclination,inclination_error_min,inclination_error_max,angular_distance,discovered,updated,omega,omega_error_min,omega_error_max,tperi,tperi_error_min,tperi_error_max,tconj,tconj_error_min,tconj_error_max,tzero_tr,tzero_tr_error_min,tzero_tr_error_max,tzero_tr_sec,tzero_tr_sec_error_min,tzero_tr_sec_error_max,lambda_angle,lambda_angle_error_min,lambda_angle_error_max,impact_parameter,impact_parameter_error_min,impact_parameter_error_max,tzero_vr,tzero_vr_error_min,tzero_vr_error_max,k,k_error_min,k_error_max,temp_calculated,temp_calculated_error_min,temp_calculated_error_max,temp_measured,hot_point_lon,geometric_albedo,geometric_albedo_error_min,geometric_albedo_error_max,log_g,publication,detection_type,mass_measurement_type,radius_measurement_type,alternate_names,molecules,star_name,ra,dec,mag_v,mag_i,mag_j,mag_h,mag_k,star_distance,star_distance_error_min,star_distance_error_max,star_metallicity,star_metallicity_error_min,star_metallicity_error_max,star_mass,star_mass_error_min,star_mass_error_max,star_radius,star_radius_error_min,star_radius_error_max,star_sp_type,star_age,star_age_error_min,star_age_error_max,star_teff,star_teff_error_min,star_teff_error_max,star_detected_disc,star_magnetic_field,star_alternate_names
0,0,9,16 Cyg Bb,Confirmed,1.64,0.08,0.08,1.64,0.08,0.08,,,,799.5,0.6,0.6,1.68,0.03,0.03,0.689,0.011,0.011,,,,0.078468,1996.0,2024-07-28,83.4,2.1,2.1,2450539.3,1.6,1.6,,,,,,,,,,,,,,,,,,,50.5,1.6,1.6,,,,,,,,,,Published in a refereed paper,Radial Velocity,Radial Velocity,,,,16 Cyg B,295.4625,50.5175,6.2,,,,,21.41,0.24,0.24,0.08,0.04,0.04,1.01,0.04,0.04,0.98,0.13,0.13,G2.5 V,8.0,1.8,1.8,5766.0,60.0,60.0,,,"HD 186427, GJ 765.1 B"
1,1,308,51 Eri b,Confirmed,4.1,0.5,0.5,,,,1.11,0.13,0.13,10260.0,1800.0,1800.0,11.1,1.3,1.3,0.49,0.15,0.15,136.0,11.0,11.0,,2015.0,2024-01-04,84.0,58.0,58.0,2452014.79,12.0,12.0,,,,,,,,,,,,,,,,,,,,,,700.0,,,,,,,,3.5,Published in a refereed paper,Imaging,Spectrum,,,"CH4, H2O",51 Eri,69.4005514287,-2.47354859817,5.223,,,,,29.4,0.3,0.3,-0.027,,,1.75,0.05,0.05,,,,F0IV,0.02,0.006,0.006,,,,IR Excess,,
2,2,313,55 Cnc Ab,Confirmed,0.84,0.031,0.031,0.84,0.031,0.031,,,,14.65314,0.00095,0.00095,0.11339,0.00011,0.00011,0.0023,0.0016,0.0016,89.73,24.54,24.54,0.009303,1996.0,2024-06-19,110.0,54.0,54.0,2453035.0,2.2,2.2,,,,,,,,,,,,,,,,,,,71.47,0.21,0.21,,,,,,,,,,Published in a refereed paper,Radial Velocity,Radial Velocity,,"rho1 Cnc Ab, HD 75732 b",,55 Cnc A,133.1541667,28.3338889,5.95,,4.59,4.14,4.015,12.5855,0.01235,0.01235,0.35,0.1,0.1,0.9,0.115,0.115,0.963,0.0654,0.0654,G8V,10.2,2.5,2.5,5250.0,147.574,147.574,,,"rho1 Cnc, HD 75732, GJ 324 A, rho1 Cnc A, TOI-1773"
3,7,329,79 Cet Ab,Confirmed,0.215,0.03,0.03,0.215,0.03,0.03,,,,75.82,0.4,0.4,0.35,,,0.28,0.15,0.15,,,,0.009749,2000.0,2024-07-29,41.0,22.0,22.0,2451547.2,4.1,4.1,,,,,,,,,,,,,,,,,,,,,,,,,,,,,,,Published in a refereed paper,Radial Velocity,,,HD 16141 b,,79 Cet A,38.8291667,-3.5605556,6.78,,,,,35.9,,,0.02,,,1.01,,,1.0,,,G5 IV,7.76,,,5533.0,,,,,"HD 16141, HIP 12048"
4,8,336,94 Cet Ab,Confirmed,1.37,0.12,0.12,1.37,0.12,0.12,,,,466.2,1.7,1.7,1.305,0.016,0.016,0.063,0.062,0.062,,,,0.06345,2003.0,2024-07-29,346.0,55.0,55.0,2453757.0,72.0,72.0,,,,,,,,,,,,,,,,,,,29.3,2.1,2.1,,,,,,,,,,Published in a refereed paper,Radial Velocity,,,"HD 19994 Ab, GJ 128 Ab, HR 962 Ab",,94 Cet A,48.1916667,-1.1958333,5.07,,,,,22.38,,,0.25,,,1.34,,,1.93,0.067,0.067,F8 V,8.91,,,5984.0,,,IR Excess,,"HD 19994 A, GJ 128 A, HR 962 A"
5,9,503,CoRoT-7 Ab,Confirmed,0.01907,0.00205,0.00205,,,,0.136,,,0.8535,6e-07,6e-07,0.0172,0.00029,0.00029,0.12,0.07,0.07,80.1,0.3,0.3,0.000115,2009.0,2024-08-06,,,,,,,,,,2454398.0767,0.0015,0.0015,,,,,,,,,,,,,4.291,0.46,0.46,,,,,,,,,,Published in a refereed paper,Primary Transit,Radial Velocity,Primary Transit,,,CoRoT-7 A,100.9541667,-1.0627778,11.7,,,,,150.0,20.0,20.0,0.03,0.07,0.07,0.93,0.03,0.03,0.87,0.04,0.04,K0V,1.5,0.3,0.3,5313.0,73.0,73.0,,,"GSC 04799-01733, 2MASS J06434947-0103468"
6,12,583,DP Leo (AB) b,Confirmed,6.05,0.47,0.47,,,,,,,10230.0,730.0,730.0,8.19,0.39,0.39,0.39,0.13,0.13,,,,,2009.0,2018-10-29,282.0,20.0,20.0,,,,,,,,,,,,,,,,,,,,,,,,,,,,,,,,,,Published in a refereed paper,Timing,,,,,DP Leo (AB),169.3166667,17.9613889,17.5,,,,,,,,,,,0.69,,,,,,AM Her,,,,,,,,,
7,13,584,DS Tuc Ab,Confirmed,0.0453,0.0453,0.0453,,,,0.5085,0.0152,0.0152,8.138268,1e-05,1e-05,0.0795,0.003,0.003,,,,88.73,0.18,0.18,,2019.0,2024-08-04,,,,,,,,,,2458832.30997,0.00026,0.00026,,,,12.1,2.1,2.1,0.4,0.08,0.08,,,,3.2,2.2,2.2,,,,,,,,,,Published in a refereed paper,Primary Transit,Theoretical,Primary Transit,"HD 222259 Ab, TOI-200 b, TOI-200 Ab",,DS Tuc A,354.91666668,-69.195833347,9.0,,,,,44.12,0.06,0.06,-0.08,0.06,0.06,0.959,0.031,0.031,0.872,0.027,0.027,G6V,0.04,5.0,5.0,5597.0,59.0,59.0,,,"HD 222259 A, TOI-200"
8,14,598,eps Ret Ab,Confirmed,1.35,0.11,0.11,1.35,0.11,0.11,,,,415.2,0.5,0.5,1.16,0.11,0.11,0.058,0.05,0.05,,,,0.064088,2000.0,2024-07-29,347.0,20.0,20.0,2451849.3,0.4,0.4,,,,,,,,,,,,,,,,,,,,,,,,,,,,,,,Published in a refereed paper,Radial Velocity,,,HD 27442 b,,eps Ret A,64.1208333,-59.3019444,4.44,3.08,2.57,1.81,1.97,18.1,,,0.22,,,1.2,0.1,0.1,6.6,,,K2IIII-Va,7.15,,,4749.0,50.0,50.0,,,"HD 27442, HR 1355"
9,15,657,gamma Cephei Ab,Confirmed,17.539,0.745,0.745,1.742,0.074,0.074,,,,905.64,2.83,2.83,2.1459,0.0048,0.0048,0.0724,0.0575,0.0575,5.7,,,0.148658,2003.0,2024-07-28,48.47,1.8,1.8,2453140.16,38.31,38.31,,,,,,,,,,,,,,,,,,,28.08,1.23,1.23,,,,,,,,,,Published in a refereed paper,"Radial Velocity, Astrometry",Radial Velocity,,"gam Cephei Ab, Errai b",,gamma Cephei A,354.8333333,77.6322222,3.22,,,,,13.79,,,0.18,,,1.4,0.12,0.12,4.9,,,K1III-IV,6.6,,,4800.0,100.0,100.0,,,"Errai, gam Cephei A"
10,16,684,GJ 15 Ab,Confirmed,0.00953,0.00138,0.00138,0.00953,0.00138,0.00138,,,,11.4407,0.0016,0.0016,0.072,0.004,0.004,0.094,0.065,0.065,,,,,2014.0,2024-07-28,60.0,-20.0,-20.0,2456995.86,,,,,,,,,,,,,,,,,,,,,1.68,0.18,0.18,,,,,,,,,,Published in a refereed paper,Radial Velocity,Radial Velocity,,HD 1326A b,,GJ 15 A,4.59535550763,44.0229522831,8.08,,,,,3.587,,,-0.32,,,0.375,,,0.3863,,,M2V,,,,3567.0,,,,,"HIP 1475, HD 1326 A, GX And, Groombridge 34 A, Gmb 34 A"
11,18,710,GJ 3021 Ab,Confirmed,3.37,0.09,0.09,3.37,0.09,0.09,,,,133.71,0.2,0.2,0.49,,,0.511,0.017,0.017,,,,0.027809,2000.0,2024-07-28,290.7,3.0,3.0,2451545.86,0.64,0.64,,,,,,,,,,,,,,,,,,,,,,,,,,,,,,,Published in a refereed paper,Radial Velocity,,,"SAO 258219 b, HIP 1292 b, TYC 9354-00780-1 b, 2MASS J00161266-7951042 b, HD 1237 b",,GJ 3021 A,4.05,-79.8511111,6.59,,,,,17.62,0.17,0.17,0.1,0.08,0.08,0.9,,,0.9,,,G6V,8.77,,,5540.0,75.0,75.0,,,HD 1237
12,19,729,GJ 338 Bb,Confirmed,0.0327,0.0038,0.0038,0.0327,0.0038,0.0038,,,,24.435,0.02,0.02,0.142,0.005,0.005,0.097,0.067,0.067,,,,,2020.0,2024-07-28,204.3,70.0,70.0,2457521.34,0.83,0.83,,,,,,,,,,,,,,,,,,,3.14,0.27,0.27,,,,,,,,,,Published in a refereed paper,Radial Velocity,Radial Velocity,,"HD 79211 b, STF 1321 Bb",,GJ 338 B,138.602833342,52.6863611272,,,4.8,,,6.334,0.002,0.002,-0.03,0.16,0.16,0.64,0.07,0.07,0.58,0.03,0.03,M0V,4.0,3.0,3.0,4005.0,51.0,51.0,,,"HD 79211, STF 1321 B"
13,21,754,GJ 414 Ab,Confirmed,0.02762,0.00777,0.00777,0.02762,0.00777,0.00777,0.2632,0.009,0.009,50.817,0.03,0.03,0.24,0.01,0.01,0.48,0.16,0.16,,,,,2020.0,2024-07-31,132.0,34.0,34.0,,,,,,,,,,,,,,,,,,,,,,2.5,0.65,0.65,303.7,33.0,33.0,,,,,,,Published in a refereed paper,Radial Velocity,Radial Velocity,Theoretical,,,GJ 414 A,167.770833335,30.44611113,8.9,,,,,11.893,0.007,0.007,0.24,0.1,0.1,0.65,0.08,0.08,0.68,0.14,0.14,K7V,12.4,5.2,5.2,4120.0,109.0,109.0,,,
14,23,775,GJ 667 Cb,Confirmed,0.0176,0.0041,0.0041,0.0176,0.0041,0.0041,,,,7.2004,0.0017,0.0017,0.0505,0.0053,0.0053,0.13,0.11,0.11,,,,0.007368,2009.0,2024-07-29,5.7,360.0,360.0,2454443.1,0.6,0.6,,,,,,,,,,,,,,,,,,,,,,,,,,,,,,,Published in a refereed paper,Radial Velocity,,,,,GJ 667 C,259.7375,-34.9897222,10.22,,,,,6.84,0.4,0.4,-0.55,,,0.33,,,,,,M1.5V,6.0,4.0,4.0,3600.0,,,,,
15,28,781,GJ 676 Ab,Confirmed,5.792,0.477,0.477,4.733,0.01,0.01,,,,1051.4,0.4,0.4,1.735,0.06,0.06,0.319,0.003,0.003,48.919,2.781,2.781,0.109422,2009.0,2024-07-29,87.073,0.601,0.601,2455411.9,3.0,3.0,,,,,,,,,,,,,,,,,,,125.172,0.428,0.428,,,,,,,,,,Submitted to a professional journal,"Radial Velocity, Astrometry",Astrometry,,,,GJ 676 A,262.5458333,-51.6369444,9.59,,,,,16.45,0.44,0.44,0.23,0.1,0.1,0.71,0.04,0.04,,,,M0V,,,,,,,,,LDS 599 A
16,32,794,GJ 752 Ab,Confirmed,0.0384,0.0044,0.0044,0.0384,0.0044,0.0044,,,,105.9,0.1,0.1,0.3357,0.01,0.01,0.16,0.1,0.1,,,,,2018.0,2024-07-31,269.0,45.0,45.0,,,,,,,,,,,,,,,,,,,,,,2.85,0.25,0.25,,,,,,,,,,Published in a refereed paper,Radial Velocity,Radial Velocity,,"HD 180617 b, Wolf 1055 Ab",,GJ 752 A,289.230235539,5.16889968738,9.115,,,,,5.9116,0.018,0.018,0.0,0.16,0.16,0.45,0.04,0.04,0.453,0.019,0.019,M2.5V,5.5,4.5,4.5,3557.0,51.0,51.0,,,"HD 180617, Wolf 1055 A"
17,33,796,GJ 777 Ab,Confirmed,1.495,0.15,0.15,1.495,0.15,0.15,,,,2867.9,7.7,7.7,3.92,0.2,0.2,0.343,0.017,0.017,,,,,2003.0,2024-08-03,14.7,32.0,32.0,2459271.0,19.0,19.0,,,,,,,,,,,,,,,,,,,23.39,0.46,0.46,,,,,,,,,,Published in a refereed paper,Radial Velocity,Radial Velocity,,HD 190360 b,,GJ 777 A,300.9041667,29.8966667,5.74,,,,,16.0069,0.0159,0.0159,0.19,0.1,0.1,0.98,0.1197,0.1197,1.168,0.0536,0.0536,G5IV-V,8.2,,,5549.0,111.723,111.723,,,"HR 7670, LAL 38380, LDS 6339 A, HD 190360"
18,36,806,GJ 86 Ab,Confirmed,4.27,0.09,0.09,4.27,0.09,0.09,,,,15.766,0.04,0.04,0.1177,0.0015,0.0015,0.048,0.002,0.002,,,,0.010092,2000.0,2024-07-28,266.0,,,2451146.7,0.2,0.2,,,,,,,,,,,,,,,,,,,,,,,,,,,,,,,Published in a refereed paper,Radial Velocity,Radial Velocity,,"HD 13445 b, HD 13445 Ab",,GJ 86 A,32.6080593836,-50.8237272164,6.11,,4.79,4.25,4.12,10.7836,0.00535,0.00535,-0.234,0.0169,0.0169,0.88,0.115,0.115,0.7905,0.0519,0.0519,K1V,2.03,,,5188.5,139.798,139.798,,,"HIP 10138, HD 13445, ESG 1 A"
19,37,848,HAT-P-10 Ab,Confirmed,0.46,0.028,0.028,,,,1.045,0.033,0.033,3.722469,6.7e-06,6.7e-06,0.0439,0.0009,0.0009,0.0,,,89.8,0.1,0.1,0.000351,2008.0,2024-07-31,,,,,,,,,,2456308.2356,0.000107,0.000107,,,,,,,,,,,,,,,,,,,,,,,,,Submitted to a professional journal,Primary Transit,,,"WASP-11 b, WASP-11 Ab",,HAT-P-10 A,47.3708333,30.6736111,11.89,,,,,125.0,5.0,5.0,0.13,0.08,0.08,0.82,0.03,0.03,0.81,0.02,0.02,K3V,11.2,4.1,4.1,4980.0,60.0,60.0,,,"WASP-11, WASP-11 A, TOI-4516"
20,38,861,HAT-P-1 Bb,Confirmed,0.525,0.019,0.019,,,,1.319,0.019,0.019,4.46529976,5.5e-07,5.5e-07,0.05561,0.00083,0.00083,0.067,,,85.634,0.056,0.056,0.000398,2006.0,2024-08-04,360.0,,,,,,,,,2453979.93202,0.00024,0.00024,,,,,,,,,,,,,,,,1322.0,,,,,,,,,Published in a refereed paper,Primary Transit,,,TOI-1388.01,"H2O, K, Na",HAT-P-1 B,344.4458333,38.675,10.4,,,,,139.0,20.0,20.0,0.13,0.008,0.008,1.151,0.052,0.052,1.174,0.03,0.03,G0V,3.6,,,5980.0,49.0,49.0,,,"ADS 16402 B, BD+37 4734 B, TOI-1388"
21,39,878,HAT-P-32 b,Confirmed,0.75,0.13,0.13,,,,1.789,0.025,0.025,2.15000825,1.2e-07,1.2e-07,0.03427,0.00042,0.00042,0.044,0.044,0.044,88.9,0.4,0.4,0.000108,2011.0,2022-07-11,,,,,,,,,,2454420.44645,9e-05,9e-05,,,,,,,,,,,,,108.0,18.0,18.0,,,,,,,,,,Published in a refereed paper,Primary Transit,Radial Velocity,Primary Transit,,"H, H2O, He",HAT-P-32,31.04166667,46.6877778,11.29,,,,,320.0,16.0,16.0,-0.16,0.08,0.08,1.176,0.07,0.07,1.387,0.067,0.067,F/G,3.8,0.5,0.5,6001.0,88.0,88.0,,,
22,40,879,HAT-P-33 Ab,Confirmed,0.763,0.117,0.117,,,,1.827,0.29,0.29,3.474474,1e-06,1e-06,0.0503,0.0011,0.0011,0.148,0.081,0.081,86.7,1.2,1.2,0.00012,2011.0,2024-07-31,96.0,119.0,119.0,,,,,,,2455100.50255,0.00023,0.00023,,,,,,,,,,,,,,,,,,,,,,,,,Published in a refereed paper,Primary Transit,,,TOI-1714.01,,HAT-P-33 A,113.1833333,33.835,11.89,,,,,419.0,66.0,66.0,0.05,0.08,0.08,1.403,0.096,0.096,1.777,0.28,0.28,F6IV-V,2.4,0.4,0.4,6401.0,88.0,88.0,,,TOI-1714
23,41,899,HAT-P-4 b,Confirmed,0.68,0.04,0.04,,,,1.27,0.05,0.05,3.0565114,2.8e-06,2.8e-06,0.0446,0.0012,0.0012,0.0,,,89.67,0.3,0.3,0.000144,2007.0,2013-05-07,,,,,,,,,,2454502.56227,0.00021,0.00021,,,,,,,,,,,,,,,,,,,,,,,,,Published in a refereed paper,Primary Transit,,,,,HAT-P-4,229.9916667,36.2297222,11.2,,,,,310.0,30.0,30.0,0.2,0.08,0.08,1.26,0.14,0.14,1.59,0.07,0.07,F,4.2,-0.6,-0.6,5890.0,67.0,67.0,,,
24,42,907,HAT-P-57 b,Confirmed,1.85,1.85,1.85,1.85,1.85,1.85,1.413,0.054,0.054,2.465295,3.2e-06,3.2e-06,0.0406,0.0011,0.0011,0.0,,,88.26,0.85,0.85,,2015.0,2015-11-04,,,,,,,,,,2455113.48127,0.00048,0.00048,,,,,,,0.031,0.023,0.023,,,,215.2,215.2,215.2,2200.0,,,,,,,,,Published in a refereed paper,Primary Transit,Radial Velocity,Primary Transit,,,HAT-P-57,274.743437639305,10.59725823515657,10.47,,,,,303.0,13.0,13.0,-0.25,0.25,0.25,1.47,0.12,0.12,1.5,0.05,0.05,,1.0,0.51,0.51,7500.0,250.0,250.0,,,2MASS 18185842+103
25,43,924,HAT-P-8 Ab,Confirmed,1.35,0.03,0.03,,,,1.42,0.05,0.05,3.076318,5e-05,5e-05,0.0473,0.002,0.002,0.0,,,88.2,1.0,1.0,0.000195,2008.0,2024-08-02,,,,,,,,,,2459827.42998,0.00025,0.00025,,,,,,,,,,,,,153.0,3.8,3.8,1726.0,29.0,29.0,,,,,,,Published in a refereed paper,Primary Transit,Radial Velocity,Primary Transit,TOI-5960.01,,HAT-P-8 A,343.0416667,35.4472222,10.4,,9.2,9.0,9.0,211.553,1.6955,1.6955,0.048,0.08,0.08,1.285,0.197,0.197,1.431,0.0598,0.0598,F7IV-V,3.4,1.0,1.0,6401.79,103.038,103.038,,,"TOI-5960, BD+34 4779"
26,44,1013,HD 101930 Ab,Confirmed,0.3,,,0.3,,,,,,70.46,0.18,0.18,0.302,,,0.11,0.02,0.02,,,,0.009905,2005.0,2024-08-01,251.0,11.0,11.0,2453145.0,2.0,2.0,,,,,,,,,,,,,,,,,,,,,,,,,,,,,,,Published in a refereed paper,Radial Velocity,,,,,HD 101930 A,175.875,-58.0066667,8.21,,,,,30.49,,,0.17,0.06,0.06,0.74,0.05,0.05,,,,K1V,5.39,,,5079.0,62.0,62.0,,,
27,45,1020,HD 102365 Ab,Confirmed,0.05,0.008,0.008,0.05,0.008,0.008,,,,122.1,0.3,0.3,0.46,0.04,0.04,0.34,0.14,0.14,,,,0.049784,2011.0,2024-08-01,105.0,22.0,22.0,2450129.0,11.0,11.0,,,,,,,,,,,,,,,,,,,,,,,,,,,,,,,Published in a refereed paper,Radial Velocity,,,"HD 102365 b, HR 4523 Ab, GJ 442 Ab",,HD 102365 A,176.6291667,-40.5002778,4.89,,,,,9.24,0.06,0.06,-0.28,0.07,0.07,0.85,,,,,,G2V,9.0,3.0,3.0,5650.0,100.0,100.0,IR Excess,,"HR 4523 A, GJ 442 A, LDS 6248 A"
28,46,1042,HD 106515 Ab,Confirmed,9.61,0.14,0.14,9.61,0.14,0.14,,,,3630.0,14.2,14.2,4.59,0.01,0.01,0.572,0.011,0.011,,,,,2011.0,2024-08-01,123.8,2.5,2.5,2451844.0,27.0,27.0,,,,,,,,,,,,,,,,,,,,,,,,,,,,,,,Published in a refereed paper,Radial Velocity,,,,,HD 106515 A,183.7791667,-7.2572222,7.35,,,,,35.2,1.0,1.0,0.01,,,0.91,0.03,0.03,,,,K0V,6.0,2.0,2.0,5232.0,,,,,"GJ 9398 A, HIP 59743 A, HIP 59743"
29,47,1044,HD 106906 (AB) b,Confirmed,11.0,2.0,2.0,,,,,,,,,,850.0,260.0,260.0,,,,56.0,21.0,21.0,,2013.0,2023-09-20,,,,,,,,,,,,,,,,,,,,,,,,,,,,,,,,,,,,,Published in a refereed paper,Imaging,Spectrum,,HD 106906 b,"C, CO, H2O, O",HD 106906 (AB),184.471630975,-55.9755251461,7.8,,,,,92.0,6.0,6.0,0.04,0.02,0.02,1.5,0.1,0.1,,,,F5V,0.013,0.002,0.002,6798.0,40.0,40.0,Imaging,,
30,48,1059,HD 109271 Ab,Confirmed,0.054,0.004,0.004,0.054,0.004,0.004,,,,7.8543,0.0009,0.0009,0.079,0.001,0.001,0.25,0.08,0.08,,,,,2013.0,2024-08-01,296.0,20.0,20.0,2455719.1,3.6,3.6,,,,,,,,,,,,,,,,,,,,,,,,,,,,,,,Published in a refereed paper,Radial Velocity,,,,,HD 109271 A,188.4,-11.6219,8.05,,,,,62.0,3.0,3.0,0.1,0.05,0.05,1.047,0.024,0.024,,,,G5V,7.3,1.2,1.2,5783.0,62.0,62.0,,,
31,50,1062,HD 109749 Ab,Confirmed,0.28,0.016,0.016,0.28,0.016,0.016,0.99,,,5.23921,0.000935533,0.000935533,0.0635,,,0.0451,0.025,0.025,,,,0.001076,2005.0,2024-08-01,72.3,55.8,55.8,2453426.3,,,,,,,,,,,,,,,,,,3013.55,0.14,0.14,28.49,1.12,1.12,,,,,,,,,,Announced on a professional conference,Radial Velocity,Radial Velocity,Theoretical,,,HD 109749 A,189.3166667,-40.8119444,8.1,,,,,63.0821,0.2938,0.2938,0.22,0.012,0.012,1.2,0.1,0.1,1.3,0.072,0.072,G3IV-V,3.3,1.2,1.2,5868.57,138.1,138.1,,,
32,51,1090,HD 114729 Ab,Confirmed,0.84,,,0.84,,,,,,1135.0,9.0,9.0,2.08,,,0.32,0.18,0.18,,,,0.059429,2002.0,2024-08-01,73.0,30.0,30.0,2450520.0,67.0,67.0,,,,,,,,,,,,,,,,,,,,,,,,,,,,,,,Published in a refereed paper,Radial Velocity,,,HD 114729 b,,HD 114729 A,198.1833333,-31.8733333,6.69,,,,,35.0,,,-0.22,,,0.93,,,1.46,,,G3V,4.58,,,5662.0,,,,,HD 114729
33,52,1101,HD 116029 Ab,Confirmed,2.1,0.2,0.2,2.1,0.2,0.2,,,,670.2,8.3,8.3,1.73,0.04,0.04,0.21,,,,,,0.014042,2011.0,2024-07-28,360.0,100.0,100.0,2455220.0,200.0,200.0,,,,,,,,,,,,,,,,,,,,,,,,,,,,,,,Published in a refereed paper,Radial Velocity,,,HD 116029 b,,HD 116029 A,200.1666667,24.6486111,8.04,,,,,123.2,9.9,9.9,0.18,0.03,0.03,1.58,0.11,0.11,4.6,0.1,0.1,K1III,2.7,0.5,0.5,4951.0,44.0,44.0,,,HD 116029
34,54,1111,HD 11964 Ab,Confirmed,0.622,0.056,0.056,0.622,0.056,0.056,,,,1945.0,26.0,26.0,3.16,0.19,0.19,0.041,0.017,0.017,,,,0.092996,2005.0,2024-07-30,155.0,,,2454170.0,380.0,380.0,,,,,,,,,,,,,,,,,,,,,,,,,,,,,,,Published in a refereed paper,Radial Velocity,,,,,HD 11964 A,29.2875,-10.2422222,6.42,,,,,33.98,,,0.17,,,1.125,,,2.18,0.29,0.29,G5IV,9.56,,,5248.0,,,,,"GJ 81.1 A, GAL 315 A, LDS 60 A"
35,56,1122,HD 125612 Ab,Confirmed,3.0,,,3.0,,,,,,502.0,14.0,14.0,1.37,,,0.46,0.01,0.01,,,,0.025937,2007.0,2024-08-01,41.5,1.7,1.7,54894.9,2.5,2.5,,,,,,,,,,,,,,,,,,,,,,,,,,,,,,,Submitted to a professional journal,Radial Velocity,,,,,HD 125612 A,215.225,-17.4813889,8.31,,,,,52.82,,,0.24,0.03,0.03,1.1,0.07,0.07,1.05,0.08,0.08,G3V,2.1,,,5897.0,40.0,40.0,,,
36,59,1128,HD 126614 Ab,Confirmed,0.38,0.04,0.04,0.38,0.04,0.04,,,,1244.0,17.0,17.0,2.35,0.02,0.02,0.41,0.1,0.1,,,,0.032459,2010.0,2024-07-28,243.0,19.0,19.0,2453808.0,52.0,52.0,,,,,,,,,,,,,,,,,,,,,,,,,,,,,,,Published in a refereed paper,Radial Velocity,,,HD 126614 b,,HD 126614 A,216.7,-5.1777778,8.81,,,,,72.4,5.3,5.3,0.56,0.04,0.04,1.145,0.03,0.03,1.09,0.06,0.06,K0V,7.2,2.0,2.0,5585.0,44.0,44.0,,,HD 126614
37,60,1143,HD 13167 Ab,Confirmed,3.31,0.16,0.16,3.31,0.16,0.16,1.167,,,2613.0,17.0,17.0,4.1,0.43,0.43,0.563,0.033,0.033,,,,,2018.0,2024-08-06,265.0,6.0,6.0,2462162.0,54.0,54.0,,,,,,,,,,,,,,,,,,,48.2,2.7,2.7,,,,,,,,,,Published in a refereed paper,Radial Velocity,Radial Velocity,Theoretical,,,HD 13167 A,32.05743,-24.69541,8.34,,,,,149.6,,,,,,1.35,,,2.39,,,G3V,,,,5671.0,,,,,
38,61,1147,HD 133131 Ab,Confirmed,1.43,0.04,0.04,1.43,0.04,0.04,,,,649.0,3.0,3.0,1.44,0.005,0.005,0.32,0.03,0.03,,,,,2016.0,2024-07-13,,,,,,,,,,,,,,,,,,,,,,,,,36.68,0.93,0.93,,,,,,,,,,Published in a refereed paper,Radial Velocity,,,,,HD 133131 A,225.899193804,-27.8409866895,8.4,,,,,47.0,,,-0.306,0.016,0.016,0.95,,,,,,G2V,9.7,,,5799.0,19.0,19.0,,,
39,63,1149,HD 133131 Bb,Confirmed,2.5,0.05,0.05,2.5,0.05,0.05,,,,6119.0,831.0,831.0,,,,0.62,0.04,0.04,,,,,2016.0,2024-07-13,,,,2450298.0,,,,,,,,,,,,,,,,,,,,,37.29,0.65,0.65,,,,,,,,,,Published in a refereed paper,Radial Velocity,Radial Velocity,,,,HD 133131 B,225.899193804,-27.8409866895,8.42,,,,,47.0,,,-0.281,0.013,0.013,0.93,,,,,,G2,9.7,,,5805.0,15.0,15.0,,,
40,64,1187,HD 142022 Ab,Confirmed,4.51,0.61,0.61,5.1,1.5,1.5,,,,1933.4,26.645,26.645,2.939,0.062,0.062,0.53,0.18,0.18,71.0,13.0,13.0,0.084472,2005.0,2024-08-01,170.0,10.0,10.0,50941.0,91.0,91.0,,,,,,,,,,,,,,,,,,,,,,,,,,,,,,,Published in a refereed paper,"Radial Velocity, Astrometry",,,,,HD 142022 A,242.5625,-84.2313889,7.7,,,,,35.87,,,0.19,0.04,0.04,0.99,,,0.705,0.135,0.135,K0V,13.3,3.9,3.9,5382.0,,,,,
41,65,1188,HD 142245 Ab,Confirmed,1.9,0.2,0.2,1.9,0.2,0.2,,,,1299.0,48.0,48.0,2.77,0.09,0.09,0.32,,,,,,0.025297,2011.0,2024-07-29,234.0,60.0,60.0,2454760.0,240.0,240.0,,,,,,,,,,,,,,,,,,,,,,,,,,,,,,,Published in a refereed paper,Radial Velocity,,,HD 142245 b,,HD 142245 A,238.2333333,15.4308333,7.63,,,,,109.5,7.4,7.4,0.23,0.03,0.03,1.69,0.12,0.12,5.2,0.1,0.1,K0III,2.3,0.3,0.3,4878.0,44.0,44.0,,,HD 142245
42,66,1191,HD 142 Ab,Confirmed,1.25,0.15,0.15,1.25,0.15,0.15,,,,349.7,1.2,1.2,1.02,0.3,0.3,0.17,0.06,0.06,,,,0.049515,2001.0,2024-07-28,327.0,26.0,26.0,2452683.0,26.0,26.0,,,,,,,,,,,,,,,,,,,,,,,,,,,,,,,Published in a refereed paper,Radial Velocity,,,HD 142 b,,HD 142 A,1.5791667,-49.075,5.76,,4.69,4.65,4.47,26.1853,0.04475,0.04475,0.105,0.0097,0.0097,1.21,0.169,0.169,1.458,0.055,0.055,F7IV-V,5.93,,,6252.0,103.4,103.4,IR Excess,,HD 142
43,69,1207,HD 147379 Ab,Confirmed,0.0488,0.0041,0.0041,0.0488,0.0041,0.0041,,,,11.72413,1e-05,1e-05,0.3193,0.0002,0.0002,0.136,0.08,0.08,,,,,2018.0,2024-08-01,2.3,46.0,46.0,,,,,,,,,,,,,,,,,,,,,,4.49,0.22,0.22,,,,,,,,,,Published in a refereed paper,Radial Velocity,Radial Velocity,,"Gliese 617Ab, GJ 617 Ab",,HD 147379 A,244.179166681,67.238888898,8.9,,,,,10.735,0.026,0.026,0.16,0.16,0.16,0.58,0.08,0.08,0.57,0.06,0.06,M1V,,,,4090.0,50.0,50.0,,,"GJ 617 AA, Gliese 617 A, ENG 57 A"
44,70,1208,HD 147513 Ab,Confirmed,1.21,,,1.21,,,,,,528.4,6.3,6.3,1.32,,,0.26,0.05,0.05,,,,0.102326,2003.0,2024-08-01,282.0,9.0,9.0,51672.0,11.0,11.0,,,,,,,,,,,,,,,,,,,,,,,,,,,,,,,Published in a refereed paper,Radial Velocity,,,,,HD 147513,246.0041667,-39.1927778,5.37,,,,,12.9,,,-0.03,,,0.92,,,1.0,,,G3/G5V,0.65,,,5701.0,,,,,
45,71,1278,HD 164509 Ab,Confirmed,0.48,0.09,0.09,0.48,0.09,0.09,,,,282.4,3.8,3.8,0.875,0.008,0.008,0.26,0.14,0.14,,,,0.016827,2011.0,2024-07-28,324.0,110.0,110.0,2455703.0,30.0,30.0,,,,,,,,,,,,,,,,,,,,,,,,,,,,,,,Published in a refereed paper,Radial Velocity,,,,,HD 164509 A,270.3791667,0.1044444,8.24,,,,,52.0,3.0,3.0,0.21,0.03,0.03,1.13,0.02,0.02,1.06,0.03,0.03,G5V,1.1,1.0,1.0,5922.0,44.0,44.0,,,
46,72,1287,HD 1666 Ab,Confirmed,6.43,0.22,0.22,6.43,0.22,0.22,,,,270.0,0.9,0.9,0.94,0.02,0.02,0.63,0.03,0.03,,,,,2015.0,2024-07-29,295.0,0.5,0.5,2453526.3,5.3,5.3,,,,,,,,,,,,,,,,,,,199.4,5.5,5.5,,,,,,,,,,Published in a refereed paper,Radial Velocity,,,,,HD 1666 A,5.216666684,-19.931111141,8.17,,,,,110.6,,,0.37,0.04,0.04,1.5,0.07,0.07,1.93,0.49,0.49,F7V,1.76,0.2,0.2,6317.0,44.0,44.0,,,
47,73,1322,HD 177830 Ab,Confirmed,1.49,0.03,0.03,1.49,0.03,0.03,,,,406.6,0.4,0.4,1.2218,0.0008,0.0008,0.009,0.004,0.004,,,,0.020708,1999.0,2024-07-28,85.0,31.0,31.0,10154.0,35.0,35.0,,,,,,,,,,,,,,,,,,,31.6,0.6,0.6,,,,,,,,,,Published in a refereed paper,Radial Velocity,,,HD 177830 b,,HD 177830 A,286.3333333,25.9205556,7.18,,,,,59.0,2.8,2.8,0.55,0.03,0.03,1.47,,,2.99,0.39,0.39,K0IV,4.4,2.2,2.2,4948.0,,,,,HD 177830
48,75,1325,HD 178911 Bb,Confirmed,6.292,0.059,0.059,6.292,0.059,0.059,,,,71.487,0.018,0.018,0.32,,,0.1243,0.0075,0.0075,,,,0.006848,2001.0,2024-07-29,169.8,3.6,3.6,50305.7,0.62,0.62,,,,,,,,,,,,,,,,,,,,,,,,,,,,,,,Published in a refereed paper,Radial Velocity,,,,,HD 178911 B,287.2625,34.5997222,7.98,,,,,46.73,,,0.28,0.08,0.08,1.07,,,1.14,,,G5V,5.2,,,5650.0,80.0,80.0,Imaging,,
49,76,1347,HD 185269 Ab,Confirmed,0.94,,,0.94,,,,,,6.838,0.001,0.001,0.077,,,0.3,0.04,0.04,,,,0.001638,2006.0,2024-07-28,173.0,6.8,6.8,2453154.1,0.18,0.18,,,,,,,,,,,,,,,,,,,,,,,,,,,,,,,Published in a refereed paper,Radial Velocity,,,HD 185269 b,,HD 185269 A,294.3,28.5,6.67,,,,,47.0,1.0,1.0,0.11,0.05,0.05,1.28,0.1,0.1,1.88,0.1,0.1,G0IV,4.2,,,5980.0,50.0,50.0,,,HD 185269
50,77,1354,HD 188015 Ab,Confirmed,1.26,,,1.26,,,,,,456.46,9.12,9.12,1.19,,,0.15,0.09,0.09,,,,0.022624,2004.0,2024-08-02,293.0,35.7,35.7,2451883.51,53.37,53.37,,,,,,,,,,,,,,,,,,,,,,,,,,,,,,,Published in a refereed paper,Radial Velocity,,,,,HD 188015 A,298.0166667,28.1002778,8.22,,,,,52.6,,,0.29,,,1.09,,,1.1,,,G5IV,6.2,2.32,2.32,5520.0,,,,,
51,78,1360,HD 189733 Ab,Confirmed,1.138,0.025,0.025,1.15,,,1.138,0.077,0.077,2.219,,,0.031,,,0.0,,,85.51,0.05,0.05,0.001628,2005.0,2024-07-29,,,,2454037.612,,,,,,2453988.80336,0.00024,0.00024,,,,,,,,,,,,,205.0,,,,,,,,0.4,0.11,0.11,,Published in a refereed paper,Primary Transit,Radial Velocity,Primary Transit,TOI-4470.01,"C, Ca, CH4, CO, CO2, Fe I, H, H2O, H2S, HCN, He, K, Na, NH3, O, O I, Sc, Ti+",HD 189733 A,300.1791667,22.7108333,7.67,,,,,19.3,0.2,0.2,-0.03,0.04,0.04,0.8,0.4,0.4,0.805,0.016,0.016,K1.5V,0.6,,,4875.0,43.0,43.0,,Yes,"V452 Vul, TOI-4470"
52,79,1378,HD 195019 Ab,Confirmed,3.7,0.3,0.3,3.7,0.3,0.3,,,,18.20163,0.0004,0.0004,0.1388,0.008,0.008,0.014,0.0044,0.0044,,,,0.003715,1998.0,2024-07-28,322.0,20.0,20.0,11015.0,1.2,1.2,,,,,,,,,,,,,,,,,,,,,,,,,,,,,,,Published in a refereed paper,Radial Velocity,,,,,HD 195019 A,307.0708333,18.77,6.91,,,,,37.36,1.2,1.2,0.08,0.04,0.04,1.06,,,1.38,,,G3 IV-V,5.33,,,5787.0,31.0,31.0,,,
53,80,1379,HD 196050 Ab,Confirmed,2.83,,,2.83,,,,,,1316.24,,,2.47,,,0.21,,,,,,0.052665,2002.0,2024-07-29,223.0,,,51033.0,,,,,,,,,,,,,,,,,,,,,,,,,,,,,,,,,Published in a refereed paper,Radial Velocity,,,,,HD 196050 A,309.4625,-60.6344444,7.49,9.01,6.38,6.12,6.03,50.6742,0.1019,0.1019,0.22,0.007,0.007,1.07,0.14,0.14,1.423,0.077,0.077,G1IV-V,3.17,,,5893.05,147.239,147.239,,,
54,81,1381,HD 196885 Ab,Confirmed,2.67,0.63,0.63,1.96,0.53,0.53,,,,1330.64,0.43,0.43,2.54,0.11,0.11,0.521,0.085,0.085,89.0,44.0,44.0,,2007.0,2024-07-28,150.2,3.0,3.0,1272.9,11.0,11.0,,,,,,,,,,,,,,,,,,,36.94,1.87,1.87,,,,,,,,,,Published in a refereed paper,Radial Velocity,Astrometry,,,,HD 196885 A,309.9625,11.2494444,6.4,,,,,33.0,1.0,1.0,0.29,0.05,0.05,1.33,,,1.79,0.17,0.17,F8V,2.0,0.5,0.5,6340.0,39.0,39.0,,,
55,82,1382,HD 197037 Ab,Confirmed,0.79,0.05,0.05,0.79,0.05,0.05,,,,1035.7,13.0,13.0,2.07,0.05,0.05,0.22,0.07,0.07,,,,0.062727,2012.0,2024-08-04,298.0,26.0,26.0,2451353.1,86.0,86.0,,,,,,,,,,,,,,,,,,,,,,,,,,,,,,,Published in a refereed paper,Radial Velocity,,,HD 197037 b,,HD 197037 A,309.8875,42.2486111,6.81,,,,,33.0,,,-0.2,0.06,0.06,1.11,,,,,,F7V,1.9,,,6150.0,100.0,100.0,,,GNS 11 A
56,83,1392,HD 202772 Ab,Confirmed,1.008,0.079,0.079,,,,1.562,0.069,0.069,3.30896,8.2e-05,8.2e-05,0.0519,0.0012,0.0012,0.047,0.033,0.033,84.2,0.86,0.86,,2018.0,2024-08-04,88.0,120.0,120.0,,,,2458328.68358,0.00035,0.00035,2458330.33,0.051,0.051,,,,,,,0.416,0.078,0.078,,,,96.9,6.0,6.0,2132.0,33.0,33.0,,,,,,,Published in a refereed paper,Primary Transit,Radial Velocity,Primary Transit,"TOI-123 b, TOI-123 Ab, TOI-123.01",,HD 202772 A,319.700000016,-26.616388914,8.32,,,,,147.2,2.4,2.4,0.29,0.24,0.24,1.703,0.12,0.12,2.614,0.11,0.11,F7IV,1.8,0.3,0.3,6230.0,98.0,98.0,,,"TOI-123, TIC 290131778"
57,84,1413,HD 20781 b,Confirmed,0.00607,0.00123,0.00123,0.00607,0.00123,0.00123,,,,5.3135,0.001,0.001,0.0529,0.0027,0.0027,0.1,0.07,0.07,,,,,2011.0,2024-02-19,84.0,108.0,108.0,2455503.2027,1.5,1.5,,,,,,,,,,,,,,,,,,,0.91,0.15,0.15,,,,,,,,,,Published in a refereed paper,Radial Velocity,Radial Velocity,,,,HD 20781,50.0125,-28.7838889,8.44,,,,,35.4,1.0,1.0,,,,,,,,,,G9.5V,,,,,,,,,
58,88,1417,HD 20782 b,Confirmed,1.9,0.5,0.5,1.9,0.5,0.5,,,,591.9,2.8,2.8,1.381,0.005,0.005,0.97,0.01,0.01,,,,0.03834,2006.0,2016-01-19,147.7,6.5,6.5,2451175.9,8.4,8.4,,,,,,,,,,,,,,,,,,,,,,,,,,,,,,,Published in a refereed paper,Radial Velocity,,,,,HD 20782,50.0125,-28.8538889,7.38,,,,,36.02,1.0,1.0,-0.05,0.03,0.03,1.0,0.03,0.03,,,,G2 V,7.1,4.3,4.3,5578.0,30.0,30.0,,,
59,89,1418,HD 207832 Ab,Confirmed,0.56,0.03,0.03,0.56,0.03,0.03,,,,161.97,0.78,0.78,0.57,0.002,0.002,0.13,0.05,0.05,,,,,2012.0,2024-08-06,130.8,83.4,83.4,,,,,,,,,,,,,,,,,,,,,,,,,,,,,,,,,,Published in a refereed paper,Radial Velocity,,,HD 207832 b,,HD 207832 A,328.15,-26.0267,8.7986,,,,,54.4,2.7,2.7,0.06,,,0.94,0.1,0.1,0.901,0.056,0.056,G5V,4.5,4.5,4.5,5710.0,81.0,81.0,,,HD 207832
60,91,1435,HD 212301 Ab,Confirmed,0.4,,,0.4,,,1.07,,,2.245715,2.8e-05,2.8e-05,0.036,,,0.0147,0.0147,0.0147,,,,0.000683,2005.0,2024-08-04,172.8,85.6,85.6,2453388.9,,,,,,,,,,,,,,,,,,53549.195,0.004,0.004,59.5,0.7,0.7,,,,,,,,,,Published in a refereed paper,Radial Velocity,,Theoretical,HD 212301 b,,HD 212301 A,336.875,-77.7177778,7.77,,,,,54.2304,0.08585,0.08585,0.188,0.0133,0.0133,1.22,0.187,0.187,1.166,0.0575,0.0575,F7V,5.9,2.4,2.4,6273.13,141.584,141.584,,,HD 212301
61,92,1437,HD 213240 Ab,Confirmed,4.5,,,4.5,,,,,,951.0,42.0,42.0,2.03,,,0.45,0.04,0.04,,,,0.049816,2001.0,2024-08-04,214.0,7.0,7.0,51520.0,11.0,11.0,,,,,,,,,,,,,,,,,,,,,,,,,,,,,,,Published in a refereed paper,Radial Velocity,,,,,HD 213240 A,337.75,-49.4330556,6.8,,,,,40.75,,,0.16,,,1.22,,,1.5,,,G4IV,5.11,,,5975.0,,,,,
62,93,1462,HD 217786 Ab,Confirmed,13.852,1.311,1.311,13.0,0.8,0.8,,,,1301.4,0.5,0.5,2.446,0.119,0.119,0.311,0.003,0.003,69.767,0.386,0.386,0.043431,2010.0,2024-08-04,100.167,0.689,0.689,56053.0,7.0,7.0,,,,,,,,,,,,,,,,,,,231.499,0.127,0.127,,,,,,,,,,Published in a refereed paper,"Radial Velocity, Astrometry",Radial Velocity,,HD 217786 b,,HD 217786 A,345.7833333,0.4297222,7.8,,,,,54.8,2.0,2.0,-0.135,0.043,0.043,1.02,0.03,0.03,1.27,0.06,0.06,F8V,7.6,,,5966.0,65.0,65.0,,,HD 217786
63,95,1491,HD 222582 Ab,Confirmed,7.75,0.65,0.65,7.75,0.65,0.65,,,,572.38,0.61,0.61,1.35,0.08,0.08,0.725,0.012,0.012,,,,0.032143,1999.0,2024-08-05,319.01,0.87,0.87,2450706.7,2.8,2.8,,,,,,,,,,,,,,,,,,,,,,,,,,,,,,,Published in a refereed paper,Radial Velocity,,,,,HD 222582 A,355.4625,-5.9855556,7.7,,,,,42.0,,,-0.0229,,,0.99,,,1.15,,,G5V,6.16,,,5662.0,,,,,LDS 5112 A
64,96,1504,HD 233832 Ab,Confirmed,2.72,0.23,0.23,2.72,0.23,0.23,,,,4047.0,117.0,117.0,4.438,0.09,0.09,0.381,0.029,0.029,,,,,2018.0,2024-07-31,321.365,8.0,8.0,2456874.9,90.0,90.0,,,,,,,,,,,,,,,,,,,47.18,3.2,3.2,,,,,,,,,,Published in a refereed paper,Radial Velocity,,,,,HD 233832 A,171.520833335,50.37555557,10.0,,,,,58.8,0.3,0.3,-0.66,0.03,0.03,0.71,0.02,0.02,0.68,0.03,0.03,K0V,5.417,4.2,4.2,4981.0,31.0,31.0,,,
65,97,1506,HD 23472 Ab,Confirmed,0.02618,0.00249,0.00249,,,,0.16701,0.11785,0.11785,17.667087,4.2e-05,4.2e-05,0.1162,0.0018,0.0018,0.072,0.04,0.04,88.93,0.16,0.16,,2018.0,2024-07-30,114.0,210.0,210.0,,,,,,,2458360.6641,0.0012,0.0012,,,,,,,0.69,0.09,0.09,,,,2.68,0.24,0.24,543.0,18.0,18.0,,,,,,,Published in a refereed paper,Primary Transit,Radial Velocity,Primary Transit,TOI-174 b,,HD 23472 A,55.45833335,-62.76694446,9.7,,,,,39.1,0.04,0.04,,,,0.75,0.03,0.03,0.73,0.01,0.01,K3.5V,,,,,,,,,TOI-174
66,102,1513,HD 238090 Ab,Confirmed,0.02168,0.00299,0.00299,0.02168,0.00299,0.00299,,,,13.671,0.011,0.011,0.0932,0.0011,0.0011,0.3,0.17,0.17,,,,,2020.0,2024-08-01,119.3,25.0,25.0,2458630.09,0.55,0.55,,,,,,,,,,,,,,,,,,,2.85,0.39,0.39,469.6,2.6,2.6,,,,,,,Published in a refereed paper,Radial Velocity,Radial Velocity,,GJ 458 Ab,,HD 238090,183.08691419254316,54.48575632298505,10.0,,,,,14.24,0.01,0.01,-0.03,0.16,0.16,0.578,0.021,0.021,0.57,0.016,0.016,M0V,,,,3933.0,51.0,51.0,,,GJ 458 A
67,103,1531,HD 2638 Ab,Confirmed,0.48,,,0.48,,,1.04,,,3.444,0.008239,0.008239,0.044,,,0.0,,,,,,0.000819,2005.0,2024-07-28,126.9,,,2453323.282,,,,,,,,,,,,,,,,,,53323.206,0.002,0.002,67.4,,,,,,,,,,,,Published in a refereed paper,Radial Velocity,Radial Velocity,Theoretical,HIP 2350 b,,HD 2638 A,7.4958333,-5.7638889,9.44,,,,,53.71,,,0.16,0.05,0.05,0.93,,,,,,G5V,3.0,,,5192.0,38.0,38.0,,,
68,104,1544,HD 28254 Ab,Confirmed,1.16,0.06,0.06,1.16,0.06,0.06,,,,1116.0,26.0,26.0,2.15,0.05,0.05,0.81,0.02,0.02,,,,0.038256,2009.0,2024-07-30,301.0,4.0,4.0,4049.0,55.0,55.0,,,,,,,,,,,,,,,,,,,,,,,,,,,,,,,Submitted to a professional journal,Radial Velocity,,,HD 28254 b,,HD 28254 A,66.2125,-50.6222222,7.71,,,,,56.2,2.0,2.0,0.36,0.03,0.03,1.06,,,1.48,0.06,0.06,G1IV/V,,,,5664.0,35.0,35.0,,,HD 28254
69,105,1561,HD 30856 Ab,Confirmed,1.8,0.2,0.2,1.8,0.2,0.2,,,,912.0,41.0,41.0,2.0,0.08,0.08,0.24,,,,,,0.016935,2011.0,2024-07-28,180.0,60.0,60.0,2455260.0,150.0,150.0,,,,,,,,,,,,,,,,,,,,,,,,,,,,,,,Published in a refereed paper,Radial Velocity,,,HD 30856 b,,HD 30856 A,72.575,-24.3688889,8.07,,,,,118.1,9.9,9.9,-0.06,0.03,0.03,1.35,0.094,0.094,4.2,0.1,0.1,K0III,3.8,1.0,1.0,4982.0,44.0,44.0,,,HD 30856
70,106,1600,HD 38529 Ab,Confirmed,0.93,0.11,0.11,0.78,,,,,,14.3104,0.0002,0.0002,0.131,0.0015,0.0015,0.248,0.007,0.007,57.0,14.0,14.0,0.003335,2000.0,2024-07-30,95.9,1.7,1.7,50020.19,0.08,0.08,,,,,,,,,,,,,,,,,,,,,,,,,,,,,,,Published in a refereed paper,Radial Velocity,,,,,HD 38529 A,86.6416667,1.1680556,5.94,,4.91,4.38,4.21,39.28,0.4,0.4,0.27,0.05,0.05,1.48,0.05,0.05,2.44,0.22,0.22,G4IV,3.28,0.3,0.3,5697.0,,,IR Excess,,
71,108,1612,HD 39855 Ab,Confirmed,0.0267,0.0047,0.0047,0.0267,0.0047,0.0047,,,,3.2498,0.0004,0.0004,0.041,0.001,0.001,0.14,0.11,0.11,,,,,2019.0,2024-07-30,102.97,79.77,79.77,,,,,,,,,,,,,,,,,,,,,,4.08,0.71,0.71,,,,,,,,,,Published in a refereed paper,Radial Velocity,Radial Velocity,,,,HD 39855 A,88.63,-19.7,,,,,,23.28,0.02,0.02,,,,0.87,0.05,0.05,,,,G8V,,,,5576.0,46.0,46.0,,,ADS 4503 A
72,109,1621,HD 40979 Ab,Confirmed,4.01,0.13,0.13,4.01,0.13,0.13,,,,264.1,0.23,0.23,0.846,0.007,0.007,0.252,0.014,0.014,,,,0.024925,2002.0,2024-07-30,323.4,4.1,4.1,2453919.0,2.7,2.7,,,,,,,,,,,,,,,,,,,,,,,,,,,,,,,Published in a refereed paper,Radial Velocity,,,,,HD 40979 A,91.1208333,44.2602778,6.74,,,,,33.3,,,0.194,,,1.1,,,1.21,,,F8V,1.48,,,6205.0,50.0,50.0,IR Excess,,
73,110,1622,HD 41004 Ab,Confirmed,2.54,0.74,0.74,2.54,0.74,0.74,,,,963.0,38.0,38.0,1.64,,,0.39,0.17,0.17,,,,0.038588,2004.0,2024-07-28,97.0,31.0,31.0,2452425.0,0.74,0.74,,,,,,,,,,,,,,,,,,,,,,,,,,,,,,,Published in a refereed paper,Radial Velocity,,,,,HD 41004 A,89.9541667,-48.2394444,8.65,,,,,42.5,,,-0.09,0.1,0.1,0.7,,,,,,K1 V,1.64,,,5035.0,,,,,
74,111,1623,HD 41004 Bb,Confirmed,18.4,0.22,0.22,18.4,0.22,0.22,1.06,,,1.32363,8.9e-05,8.9e-05,0.0177,,,0.058,0.0511,0.0511,,,,0.000411,2004.0,2024-07-28,149.0,72.2,72.2,2452532.699,0.0029,0.0029,,,,,,,,,,,,,,,,,,,4599.21,338.0,338.0,,,,,,,,,,Published in a refereed paper,Radial Velocity,Radial Velocity,Theoretical,,,HD 41004 B,89.9583333,-48.2397222,12.33,,,,,43.03,,,-0.01,,,0.4,,,,,,M2,1.56,0.8,0.8,5035.0,,,,,
75,112,1624,HD 4113 Ab,Confirmed,1.56,0.04,0.04,1.56,0.04,0.04,,,,526.62,0.3,0.3,1.28,,,0.903,0.005,0.005,,,,0.029091,2007.0,2024-06-15,317.7,1.9,1.9,3778.0,0.2,0.2,,,,,,,,,,,,,,,,,,,,,,,,,,,,,,,Published in a refereed paper,Radial Velocity,,,HD 4113 b,,HD 4113 A,10.8041667,-37.9825,7.88,,6.672,6.345,6.289,41.8727,0.09465,0.09465,0.235,0.0213,0.0213,1.0,0.12,0.12,1.084,0.0469,0.0469,G3V,4.8,0.0,0.0,5655.45,106.298,106.298,,,HD 4113
76,114,1631,HD 42936 Ab,Confirmed,0.00812,0.00182,0.00182,0.00812,0.00182,0.00182,,,,6.6732,0.0003,0.0003,0.0662,0.0013,0.0013,0.14,0.05,0.05,,,,,2019.0,2024-08-06,80.57,62.0,62.0,2454579.56469,,,,,,,,,,,,,,,,,,,,,0.97,0.2,0.2,,,,,,,,,,Published in a refereed paper,Radial Velocity,Spectrum,,"DMPP-3 b, DMPP-3 Ab",,HD 42936 A,91.62500001,-72.512777798,9.1,,,,,48.9,0.6,0.6,0.18,0.09,0.09,0.87,0.05,0.05,0.91,0.02,0.02,K0IV-V,10.9,4.7,4.7,5138.0,99.0,99.0,,,DMPP-3
77,115,1636,HD 43691 Ab,Confirmed,2.57,0.34,0.34,2.57,0.34,0.34,,,,36.99913,0.00092,0.00092,0.238,0.016,0.016,0.085,0.012,0.012,,,,0.002575,2007.0,2024-07-30,281.2,7.0,7.0,54046.6,,,,,,,,,,,,,,,,,,,,,130.4,1.4,1.4,,,,,,,,,,Published in a refereed paper,Radial Velocity,,,HD 43691 b,,HD 43691 A,94.8958333,41.0922222,8.02,,6.97,6.77,6.7,85.6,0.3652,0.3652,0.3,0.1,0.1,1.14,0.12,0.12,1.733,0.086,0.086,G0IV,2.39,0.37,0.37,6093.0,84.74,84.74,,,HD 43691
78,116,1646,HD 46375 Ab,Confirmed,0.23,,,0.23,,,1.02,,,3.02358,6.44902e-05,6.44902e-05,0.041,,,0.0524,0.032,0.032,,,,0.001228,2000.0,2024-07-30,113.7,34.3,34.3,2451920.7,,,,,,,,,,,,,,,,,,,,,33.67,0.81,0.81,,,,,,,,,,Published in a refereed paper,Radial Velocity,,Theoretical,HD 46375 b,,HD 46375 A,98.3,5.4627778,7.84,,6.45,6.07,6.0,29.5529,0.0383,0.0383,0.271,0.06,0.06,0.9328,0.4017,0.4017,0.914,0.019,0.019,G9/K0V,9.0,4.0,4.0,5264.378,74.1,74.1,IR Excess,,"HD 46375, SLE 299 A, Cl* NGC 2244 VS 126"
79,117,1651,HD 4732 Ab,Confirmed,2.37,0.34,0.34,2.37,0.34,0.34,,,,360.2,1.4,1.4,1.19,0.05,0.05,0.13,0.06,0.06,,,,,2013.0,2024-07-30,85.0,16.0,16.0,2454967.0,18.0,18.0,,,,,,,,,,,,,,,,,,,47.3,3.5,3.5,,,,,,,,,,Published in a refereed paper,Radial Velocity,,,"HR 228 b, HD 4732 b, HR 228 A b",,HD 4732 A,12.3081192546,-24.1366728942,5.9,,,,,56.5,3.2,3.2,0.01,0.04,0.04,1.74,0.14,0.14,5.4,0.4,0.4,K0III-IV,,,,4959.0,25.0,25.0,,,HD 4732
80,119,1671,HD 5278 Ab,Confirmed,0.0245,0.0044,0.0044,,,,0.2186,0.0045,0.0045,14.33902,7e-05,7e-05,0.12,0.0031,0.0031,0.08,0.05,0.05,89.27,0.48,0.48,,2021.0,2024-07-28,134.5,278.0,278.0,,,,,,,2458680.69932,0.00083,0.00083,,,,,,,0.27,0.18,0.18,,,,1.93,0.35,0.35,943.0,13.0,13.0,,,,,,,Published in a refereed paper,Primary Transit,Radial Velocity,Primary Transit,"TOI-130 b, TOI-130 Ab, TOI-130.01",,HD 5278 A,12.54166667,-83.743888912,8.0,,6.95,6.67,6.6,56.12,0.83,0.83,-0.12,0.04,0.04,1.126,0.036,0.036,1.194,0.017,0.017,F8V,3.0,1.1,1.1,6203.0,64.0,64.0,,,"TOI-130, TOI-130 A"
81,121,1683,HD 59686 Ab,Confirmed,6.92,0.24,0.24,6.92,0.24,0.24,,,,299.36,0.31,0.31,1.086,0.0007,0.0007,0.05,0.02,0.02,,,,0.009902,2003.0,2024-07-24,,,,,,,,,,,,,,,,,,,,,,,,,136.9,4.6,4.6,,,,,,,,,,Published in a refereed paper,Radial Velocity,Radial Velocity,,"HR 2877 b, HIP 36616 b",,HD 59686 A,112.95,17.0858333,5.45,,,,,96.8,2.6,2.6,0.15,0.1,0.1,1.9,0.2,0.2,13.2,0.3,0.3,K2 III,1.73,0.47,0.47,4658.0,24.0,24.0,,,"HR 2877, HIP 36616"
82,122,1700,HD 65216 Ab,Confirmed,1.295,0.062,0.062,1.295,0.062,0.062,,,,577.6,1.3,1.3,1.301,0.02,0.02,0.27,0.02,0.02,,,,0.039942,2003.0,2024-07-30,212.0,3.0,3.0,50762.0,25.0,25.0,,,,,,,,,,,,,,,,,,,35.7,1.28,1.28,,,,,,,,,,Published in a refereed paper,Radial Velocity,,,HD 65216 b,,HD 65216 A,118.4208333,-63.6472222,7.98,,,,,35.1205,0.0394,0.0394,-0.168,0.0069,0.0069,1.0,0.1,0.1,0.886,0.042,0.042,G5V,4.0,4.0,4.0,5623.44,169.0,169.0,,,"HD 65216, MUG 8 A"
83,124,1738,HD 7449 Ab,Confirmed,8.174,2.699,2.699,0.508,0.111,0.111,,,,1270.6,7.4,7.4,2.438,0.063,0.063,0.752,0.032,0.032,171.631,3.74,3.74,0.058974,2011.0,2024-07-28,336.427,3.426,3.426,2455298.0,22.0,22.0,,,,,,,,,,,,,,,,,,,30.023,5.82,5.82,,,,,,,,,,Published in a refereed paper,Radial Velocity,Radial Velocity,,HIP 5806 b,,HD 7449 A,18.6208333,-5.0475,7.5,,,,,39.0,1.0,1.0,-0.11,0.01,0.01,1.05,,,1.01,,,F8V,2.1,0.24,0.24,6024.0,13.0,13.0,,,HD 7449
84,126,1742,HD 75289 Ab,Confirmed,0.47,,,0.47,,,1.03,,,3.50928,7.2946e-05,7.2946e-05,0.046,,,0.0211,0.0217,0.0217,,,,0.001589,1999.0,2024-07-30,136.3,73.9,73.9,2452593.9,0.48,0.48,,,,,,,,,,,,,,,,,,,54.84,1.87,1.87,,,,,,,,,,Published in a refereed paper,Radial Velocity,Radial Velocity,Theoretical,,,HD 75289 A,131.9166667,-41.7366667,6.35,,,,,28.94,,,0.29,,,1.05,,,1.25,,,F9/G0V,4.96,,,6120.0,45.0,45.0,,,
85,127,1759,HD 80606 b,Confirmed,4.1641,0.0047,0.0047,,,,1.032,0.015,0.015,111.436765,7.4e-05,7.4e-05,0.4603,0.0021,0.0021,0.93183,0.00014,0.00014,89.24,0.01,0.01,0.007688,2001.0,2024-07-30,301.213,0.043,0.043,2454424.857,0.05,0.05,,,,24548888.07466,0.002,0.002,2458882.214,0.0021,0.0021,,,,,,,,,,469.22,0.61,0.61,,,,,,,,,,Published in a refereed paper,Radial Velocity,Radial Velocity,Primary Transit,,K,HD 80606,140.6541667,50.6036111,8.93,,,,,58.4,15.0,15.0,0.43,0.06,0.06,0.98,0.1,0.1,0.98,0.07,0.07,G5V,7.63,,,5645.0,45.0,45.0,,,
86,128,1783,HD 86081 A b,Confirmed,1.5,,,1.5,,,1.08,,,1.99809,0.006778,0.006778,0.039,,,0.0575,0.108,0.108,,,,0.000429,2006.0,2019-12-12,332.6,71.5,71.5,2453753.2,0.3,0.3,,,,,,,,,,,,,,,,,,,189.65,12.09,12.09,,,,,,,,,,Published in a refereed paper,Radial Velocity,,Theoretical,HD 86081 b,,HD 86081 A,149.025,-3.8083333,8.73,,,,,91.0,,,0.257,0.03,0.03,1.21,0.05,0.05,1.22,0.1,0.1,F8V,6.21,,,6028.0,44.0,44.0,,,HD 86081
87,129,1787,HD 8673 Ab,Confirmed,14.2,1.6,1.6,14.2,1.6,1.6,,,,1634.0,17.0,17.0,3.02,0.15,0.15,0.723,0.016,0.016,,,,0.078954,2010.0,2024-07-28,323.4,3.5,3.5,2454420.5,7.9,7.9,,,,,,,,,,,,,,,,,,,,,,,,,,,,,,,Published in a refereed paper,Radial Velocity,,,HD 8673 b,,HD 8673 A,21.5333333,34.5794444,7.57,,,,,38.25,1.2,1.2,0.14,0.05,0.05,1.35,0.1,0.1,1.39,0.1,0.1,F7 V,1.95,,,6472.0,51.0,51.0,,,HD 8673
88,130,1789,HD 87646 A b,Confirmed,12.4,0.7,0.7,12.4,0.7,0.7,,,,13.481,0.001,0.001,0.117,0.003,0.003,0.05,0.02,0.02,,,,,2016.0,2017-06-08,,,,,,,,,,,,,,,,,,,,,,,,,956.0,25.0,25.0,,,,,,,,,,Published in a refereed paper,Radial Velocity,Radial Velocity,,,,HD 87646 A,151.66987043,17.8951036382,8.0,,,,,,,,-0.17,0.08,0.08,1.12,0.09,0.09,1.55,0.22,0.22,G1IV,,,,5770.0,80.0,80.0,,,
89,132,1797,HD 89744 Ab,Confirmed,10.32,1.38,1.38,8.35,0.18,0.18,,,,256.78,0.02,0.02,0.917,0.009,0.009,0.677,0.003,0.003,54.0,12.0,12.0,0.022,2000.0,2024-08-06,193.7,0.4,0.4,,,,,,,,,,,,,,,,,,,964.0,2.0,2.0,269.66,1.45,1.45,,,,,,,,,,Published in a refereed paper,Radial Velocity,Radial Velocity,,,,HD 89744 A,155.5416667,41.2294444,5.74,,,,,38.6364,0.1077,0.1077,0.224,0.0116,0.0116,1.21,0.173,0.173,2.132,0.1018,0.1018,F7IV,2.04,,,6249.16,133.569,133.569,,,"WIL 2 A, MUG 7 A"
90,134,1841,HD 98736 Ab,Confirmed,2.33,0.78,0.78,2.33,0.78,0.78,,,,968.8,2.2,2.2,1.864,0.091,0.091,0.226,0.064,0.064,,,,,2018.0,2024-07-28,162.0,22.0,22.0,2463541.0,67.0,67.0,,,,,,,,,,,,,,,,,,,52.0,12.0,12.0,,,,,,,,,,Published in a refereed paper,Radial Velocity,Radial Velocity,,GJ 426 Ab,,HD 98736 A,170.454166683,18.190000009,8.52,,,,,31.0,,,0.24,,,0.92,0.13,0.13,0.93,0.04,0.04,G5V,7.4,3.0,3.0,5544.0,,,,,GJ 426 A
91,135,1844,HD 99492 b,Confirmed,0.0802,0.0019,0.0019,0.0802,0.0019,0.0019,,,,17.0503,0.0016,0.0016,,,,0.034,0.025,0.025,,,,0.006844,2004.0,2024-08-14,154.3,49.0,49.0,2453776.317,3.39,3.39,,,,,,,,,,,,,,,,,,,7.05,0.18,0.18,,,,,,,,,,Published in a refereed paper,Radial Velocity,Radial Velocity,,83 Leo B b,,HD 99492,171.6916667,3.0061111,7.38,,,,,18.0,1.14,1.14,0.36,,,0.83,,,0.96,0.11,0.11,K2V,4.8,4.1,4.1,4740.0,,,,,83 Leo B
92,137,1856,HIP 107773 Ab,Confirmed,1.98,0.21,0.21,1.98,0.21,0.21,,,,144.3,0.5,0.5,0.72,0.03,0.03,0.09,0.06,0.06,,,,,2015.0,2024-07-28,166.0,33.0,33.0,2456202.3,12.8,12.8,,,,,,,,,,,,,,,,,,,42.7,2.7,2.7,,,,,,,,,,Published in a refereed paper,Radial Velocity,Radial Velocity,,,,HIP 107773 A,327.5,-64.712500024,5.62,,,,,106.0,4.0,4.0,0.03,0.1,0.1,2.42,0.27,0.27,11.6,1.4,1.4,K0III,,,,4945.0,100.0,100.0,,,HD 207229
93,138,1919,HIP 65 Ab,Confirmed,3.213,0.078,0.078,,,,2.03,0.49,0.49,0.9809734,3.1e-06,3.1e-06,0.01782,0.00021,0.00021,0.0,,,77.18,1.0,1.0,,2020.0,2024-07-30,,,,,,,,,,2458326.10418,0.0001,0.0001,,,,,,,1.169,0.077,0.077,,,,753.7,51.0,51.0,1411.0,15.0,15.0,,,,,,,Published in a refereed paper,Primary Transit,Radial Velocity,Primary Transit,TOI-129 b,,HIP 65 A,0.187500015,-54.830833361,11.1,,,,,61.89,0.08,0.08,0.18,0.08,0.08,0.781,0.027,0.027,0.7242,0.009,0.009,K4V,4.1,2.8,2.8,4590.0,49.0,49.0,,,TOI-129
94,140,1927,HIP 70849 b,Confirmed,4.58,0.09,0.09,4.58,0.09,0.09,,,,3659.0,4.0,4.0,3.99,0.07,0.07,0.66,0.004,0.004,90.0,21.0,21.0,0.416667,2009.0,2024-08-30,,,,,,,,,,,,,,,,,,,,,,,,,75.52,,,,,,,,,,,,Published in a refereed paper,Radial Velocity,Radial Velocity,,GJ 9482 b,,HIP 70849,217.3291667,-46.4638889,10.36,,,,,24.0,1.2,1.2,,,,0.63,0.03,0.03,,,,K7V,3.0,2.0,2.0,4105.0,130.0,130.0,,,GJ 9482
95,141,1963,HR 858 Ab,Confirmed,,,,,,,0.18601,0.00571,0.00571,3.58599,0.00015,0.00015,0.048,0.001,0.001,0.3,0.3,0.3,85.5,0.5,0.5,,2019.0,2024-07-30,,,,,,,,,,2458409.18969,0.00084,0.00084,,,,,,,0.59,0.27,0.27,,,,,,,1572.0,20.0,20.0,,,,,,,Published in a refereed paper,Primary Transit,,Primary Transit,"HD 17926 b, HD 17926 Ab, TOI-396 b, TOI-396.02",,HR 858 A,42.983333352,-30.814444472,6.4,,,,,32.0,0.15,0.15,-0.14,0.08,0.08,1.145,0.08,0.08,1.31,0.022,0.022,F8IV-V,,,,6201.0,50.0,50.0,,,"HD 17926, TOI-396, TIC 178155732"
96,144,2087,K2-136 Ab,Confirmed,,,,,,,0.088,0.0036,0.0036,7.975292,0.00077,0.00077,,,,0.1,0.07,0.07,89.3,0.7,0.7,,2017.0,2024-07-28,12.0,70.0,70.0,,,,2457817.75631,0.00489,0.00489,2457817.75631,0.0049,0.0049,,,,,,,0.27,0.19,0.19,,,,,,,553.0,27.0,27.0,,,,,,,Published in a refereed paper,Primary Transit,,Primary Transit,"EPIC 247589423 b, LP 358-348 b, K2-136 b, 2MASS J04293897+2252579 b, K2-136 A b, WISE J042939.05+225257.4 b, TOI-5087 b, TOI-5087.01",,K2-136 A,67.41246,22.882721,11.2,,9.096,8.496,8.368,59.2474,0.1865,0.1865,-0.02,0.08,0.08,0.742,0.038,0.038,0.677,0.027,0.027,K5V,0.65,0.07,0.07,4500.0,75.0,75.0,,,"EPIC 247589423, LP 358-348, TOI-5087, 2MASS J04293897+2252579, EPIC 247589423 A, LP 358-348 A, WISE J042939.05+225257.4, WISE J042939.05+225257.4 A, TIC 18310799"
97,147,2230,K2-228 Bb,Confirmed,,,,,,,0.108,0.005,0.005,2.69828,0.00022,0.00022,0.0338,0.0003,0.0003,,,,,,,,2018.0,2024-08-01,,,,,,,2457583.1943,0.0041,0.0041,,,,,,,,,,0.42,0.29,0.29,,,,,,,914.0,13.0,13.0,,,,,,,Published in a refereed paper,Primary Transit,,,"2MASS J12291074-0650033 b, EPIC 228798746 b, EPIC 228798746.01, WISE J122910.73-065003.2 b",,K2-228 B,187.294785,-6.834258,,,10.978,10.439,,142.4,3.2,3.2,-0.25,0.06,0.06,0.71,0.02,0.02,0.65,0.01,0.01,K3V,,,,4715.0,46.0,46.0,,,"WISE J122910.73-065003.2, EPIC 228798746, 2MASS J12291074-0650033"
98,148,2234,K2-22 Ab,Confirmed,1.4,1.4,1.4,,,,0.223,0.036,0.036,0.381078,1e-06,1e-06,0.0088,0.0008,0.0008,,,,,,,,2015.0,2024-07-29,,,,,,,2456811.1208,0.0006,0.0006,2456811.1216,2.4e-05,2.4e-05,,,,,,,0.65,0.13,0.13,,,,280.0,0.0,0.0,2100.0,,,,,,,,,Published in a refereed paper,Primary Transit,,Primary Transit,"K2-22 b, WISE J111755.84+023708.4 b, EPIC 201637175 b, EPIC 201637175.01, EPIC 201637175 Ab, TIC 363445338 b, 2MASS J11175587+0237086 b",Na,K2-22 A,169.482819,2.61907,17.0,,12.726,12.088,,245.53,2.81,2.81,0.03,0.08,0.08,0.6,0.07,0.07,0.57,0.06,0.06,M0V,,,,3830.0,100.0,100.0,,,"K2-22, EPIC 201637175, WISE J111755.84+023708.4, EPIC 201637175 A, TIC 363445338, 2MASS J11175587+0237086"
99,149,2317,K2-288 Bb,Confirmed,,,,,,,0.152,0.0321,0.0321,31.393463,6.9e-05,6.9e-05,0.164,0.03,0.03,,,,89.81,0.17,0.17,,2018.0,2024-07-28,,,,,,,,,,2457963.40237,0.0011,0.0011,,,,,,,0.37,0.25,0.25,,,,,,,226.36,22.3,22.3,,,,,,,Published in a refereed paper,Primary Transit,,Primary Transit,"EPIC 210693462 b, EPIC 210693462.01, LP 413-32 Bb",,K2-288 B,55.44344476092725,18.26881022021178,,,,,,65.6138,0.8594,0.8594,-0.21,0.09,0.09,0.33,0.02,0.02,0.32,0.03,0.03,M3V,1.0,,,3341.0,276.0,276.0,,,"EPIC 210693462, LP 413-32 B"
100,150,2320,K2-290 Ab,Confirmed,0.0343,,,,,,0.273,0.014,0.014,9.21165,0.00034,0.00034,0.0923,0.0066,0.0066,0.0,,,88.14,0.5,0.5,,2019.0,2024-07-28,90.0,,,,,,2457994.7725,0.0015,0.0015,2457994.7725,0.0016,0.0016,,,,173.0,53.0,53.0,0.438,0.023,0.023,,,,3.3,,,1230.0,38.0,38.0,,,,,,,Published in a refereed paper,Primary Transit,Radial Velocity,Primary Transit,"EPIC 249624646 b, 2MASS J15392585-2011557 b, TYC 6193-663-1 b, WISE J153925.88-201155.9 b",,K2-290 A,234.857773,-20.198818,10.0,,9.771,9.477,9.42,272.909,3.721,3.721,-0.06,0.1,0.1,1.19,0.08,0.08,1.51,0.07,0.07,F7IV-V,4.0,0.8,0.8,6302.0,120.0,120.0,,,"BD-19 4173, TYC 6193-663-1, WISE J153925.88-201155.9, EPIC 249624646, 2MASS J15392585-2011557"
101,152,2333,K2-29 Ab,Confirmed,0.73,0.04,0.04,0.73,0.04,0.04,1.19,0.02,0.02,3.2588321,1.9e-06,1.9e-06,0.04217,0.00024,0.00024,0.066,0.022,0.022,86.656,0.08,0.08,,2016.0,2024-08-01,132.0,21.0,21.0,,,,2453219.0095,0.0022,0.0022,2453219.0095,0.0022,0.0022,,,,1.5,8.7,8.7,0.58,0.02,0.02,,,,103.5,5.4,5.4,1171.0,,,,,,,,,Published in a refereed paper,Primary Transit,Radial Velocity,Primary Transit,"WASP-152 bB, EPIC 211089792 bb, WISE J041040.88+242405.9 b, EPIC 211089792 Ab, EPIC 211089792.01a, TOI-4623.01, TYC 1818-1428-1 b b, 1SWASP J041040.95+242407.3 b b, 2MASS J04104086+2424061 bb",,K2-29 A,62.670647,24.402042,12.56,,10.622,10.168,10.06,178.475,1.301,1.301,0.2829,0.0188,0.0188,0.935,0.09817,0.09817,0.817,0.074,0.074,G7V,2.6,1.2,1.2,5387.06,144.837,144.837,,,"EPIC 211089792, WASP-152, WISE J041040.88+242405.9, EPIC 211089792 A, TOI-4623, TYC 1818-1428-1, 1SWASP J041040.95+242407.3, 2MASS J04104086+2424061"
102,153,2595,KELT-2 Ab,Confirmed,1.486,0.088,0.088,,,,1.306,0.067,0.067,4.1137914,1e-05,1e-05,0.05498,0.0004,0.0004,0.185,0.08,0.08,,,,0.000427,2012.0,2024-08-01,160.0,110.0,110.0,2455974.83,1.2,1.2,,,,2455974.60356,0.00084,0.00084,,,,,,,,,,,,,,,,,,,,,,,,,Published in a refereed paper,Primary Transit,,,"HD 42176 b, HD 42176 Ab, TOI-4612.01",,KELT-2 A,92.6625,30.9572222,8.7,,,,,128.9,8.8,8.8,-0.015,0.071,0.071,1.31,0.03,0.03,1.842,0.071,0.071,F8IV,,,,6148.0,49.0,49.0,,,"HD 42716, TOI-4612"
103,154,2597,KELT-4 Ab,Confirmed,0.9,0.06,0.06,0.878,0.067,0.067,1.7,0.05,0.05,2.989594,5e-06,5e-06,0.04321,0.00077,0.00077,0.03,0.021,0.021,83.11,0.57,0.57,,2013.0,2024-09-06,300.0,130.0,130.0,2456190.30201,0.00022,0.00022,,,,,,,2456188.815,0.032,0.032,80.0,25.0,25.0,0.689,0.0012,0.0012,,,,108.6,7.4,7.4,1827.0,,,,,,,,,Published in a refereed paper,Radial Velocity,Radial Velocity,Primary Transit,"BD+26 2091 Ab, TOI-5384.01",,KELT-4 A,157.062545838,25.573194461,9.98,,9.01,8.79,8.69,211.0,13.0,13.0,-0.116,0.071,0.071,1.204,0.063,0.063,1.61,0.068,0.068,F8IV,4.38,0.88,0.88,6207.0,76.0,76.0,,,"BD+26 2091 A, TOI-5384"
104,155,2731,Kepler-108 Bb,Confirmed,,,,,,,0.732,0.0491,0.0491,49.183921,5.4e-05,5.4e-05,0.2829,,,0.22,0.12,0.12,89.94,,,,2014.0,2024-07-30,,,,,,,2454974.91123,0.00066,0.00066,,,,,,,,,,0.03,0.15,0.15,,,,,,,669.0,,,,,,,,,Announced on a website,Primary Transit,,Primary Transit,"Kepler-108 b, KOI-119.01, WISE J193814.19+460344.4 b, KOI-119 Bb, KOI-119 b, K00119.01, KIC 9471974 b, 2MASS J19381420+4603443 b",,Kepler-108 B,294.559169,46.062325,12.66,,11.43,11.065,10.983,689.95,48.74,48.74,0.36,0.15,0.15,1.247,0.067,0.067,2.057,0.138,0.138,G2IV,3.89,0.4,0.4,5626.0,78.0,78.0,,,"KOI-119, WISE J193814.19+460344.4, KIC 9471974, TIC 271164755, UCAC4 681-071694, 2MASS J19381420+4603443"
105,157,3042,Kepler-1319 Ab,Confirmed,,,,,,,0.1106,0.018,0.018,2.8867624,3.741e-06,3.741e-06,0.0296,,,0.33,0.08,0.08,84.91,,,,2016.0,2024-07-29,,,,,,,2454964.666,0.00125,0.00125,2455371.69953,0.00128,0.00128,,,,,,,0.92,0.691,0.691,,,,,,,557.0,,,,,,,,,Announced on a website,Primary Transit,,Primary Transit,"KIC 11453592 b, KOI-2705 Ab, 2MASS J19234945+4921587 b, K02705.01, KOI-2705 b, KOI-2705.01, WISE J192349.49+492159.9 b, TIC 417676990 b",,Kepler-1319 A,290.956068,49.366306,,,11.57,10.927,10.726,103.917,0.353,0.353,-0.03,,,0.498,0.02,0.02,0.5,0.015,0.015,M1V,5.37,-3.54,-3.54,3527.0,157.0,157.0,,,"KOI-2705, WISE J192349.49+492159.9, KIC 11453592, TIC 417676990, KOI-2705 A, 2MASS J19234945+4921587"
106,158,3058,Kepler-132 Ab,Confirmed,,,,,,,0.1088,0.017,0.017,6.17817366,1.389e-05,1.389e-05,0.0643,,,0.0,,,85.28,,,,2014.0,2024-07-31,,,,,,,2455001.86198,0.0019,0.0019,,,,,,,,,,0.775,0.543,0.543,,,,,,,,,,,,,,,,Published in a refereed paper,Primary Transit,,Primary Transit,"KOI-284 Ab, KOI-284 b, WISE J185256.57+412034.9 b, KOI-284.03, K00284.03, KIC 6021275 b, 2MASS J18525659+4120349 b",,Kepler-132 A,283.23581,41.343037,11.92,,10.797,10.516,10.424,296.24,43.85,43.85,-0.24,0.15,0.15,0.929,0.066,0.066,1.101,0.173,0.173,G0V,4.37,2.25,2.25,5931.0,118.0,118.0,,,"KOI-284, KOI-284 A, KIC 6021275, 2MASS J18525659+4120349, WISE J185256.57+412034.9"
107,162,3072,Kepler-1339 Ab,Confirmed,,,,,,,0.063,0.004,0.004,1.34155513,3.7e-06,3.7e-06,,,,,,,,,,,2016.0,2024-07-30,,,,,,,2454965.7388,0.00236,0.00236,,,,,,,,,,,,,,,,,,,,,,,,,,,,Announced on a website,Primary Transit,,,"WISE J185458.97+482224.4 b, KOI-2754 b, KOI-2754.01, K02754.01, KIC 10905911 b, 2MASS J18545899+4822242 b",,Kepler-1339 A,283.745794,48.373394,12.43,,11.026,10.697,10.627,371.049,7.783,7.783,-0.171,0.0137,0.0137,0.988,0.108,0.108,1.323,0.0784,0.0784,G5IV-V,5.62,-3.11,-3.11,5590.19,114.517,114.517,,,"KIC 10905911, WISE J185458.97+482224.4, KOI-2754, 2MASS J18545899+4822242"
108,163,3287,Kepler-14 Ab,Confirmed,8.4,0.19,0.19,,,,1.136,0.054,0.054,6.790123,4.3e-06,4.3e-06,,,,0.035,0.02,0.02,90.0,2.8,2.8,,2011.0,2024-07-29,,,,,,,2454971.08737,0.00018,0.00018,,,,,,,,,,0.0,0.0,0.0,,,,682.9,24.6,24.6,1573.0,,,,,,,,,Published in a refereed paper,Primary Transit,,,"Kepler-14 b, KOI-98 b, WISE J191050.10+471958.8 b, TOI-1267.01, KOI-98.01, KIC 10264660 b, TYC 3546-00413-1 b, 2MASS J19105011+4719589 b",,Kepler-14 A,287.708814,47.33305,12.12,,11.202,11.068,,980.0,,,0.12,0.06,0.06,1.51,0.04,0.04,2.05,0.08,0.08,F6IV,2.2,0.1,0.1,6395.0,60.0,60.0,,,"Kepler-14, KIC 10264660, TYC 3546-00413-1, WISE J191050.10+471958.8, TOI-1267, KOI-98, 2MASS J19105011+4719589"
109,164,3484,Kepler-1647 (AB)b,Confirmed,1.52,0.65,0.65,,,,1.06,0.01,0.01,1107.5923,0.0227,0.0227,2.7205,0.007,0.007,0.0581,0.0689,0.0689,90.0972,0.0035,0.0035,,2015.0,2024-07-29,155.0464,146.5723,146.5723,,,,,,,,,,,,,,,,,,,,,,,,,,,,,,,,,,Published in a refereed paper,Primary Transit,,Primary Transit,KOI-2939 (AB)b,,Kepler-1647 (AB),298.150000012,40.656111129,13.78,,12.37,12.08,12.0,1212.45,22.335,22.335,-0.134,0.172,0.172,2.1885,0.01,0.01,1.79,0.006,0.006,F8IV+G2V,4.4,0.25,0.25,6210.0,100.0,100.0,,,KOI-2939
110,165,3491,Kepler-1651 Ab,Confirmed,,,,,,,0.164,0.0098,0.0098,9.87863917,1.01e-05,1.01e-05,0.0619,,,0.13,0.03,0.03,85.94,,,,2017.0,2024-07-29,,,,,,,2454961.53395,0.00134,0.00134,2454961.53395,0.00134,0.00134,,,,,,,0.45,0.26,0.26,,,,,,,353.0,,,,,,,,,Published in a refereed paper,Primary Transit,,,"KOI-1725 Ab, KOI-1725.01, TOI-6004.01, WISE J185430.87+482327.0 b, K01725.01, KIC 10905746 b, 2MASS J18543080+4823277 b",,Kepler-1651 A,283.628354,48.391022,13.86,13.107,10.648,9.979,9.804,66.4074,0.1059,0.1059,-0.0214,0.0094,0.0094,0.57,0.0859,0.0859,0.46,0.04,0.04,M2V,,,,3759.27,106.803,106.803,,,"KOI-1725, KOI-1725 A, KIC 10905746, WISE J185430.87+482327.0, TOI-6004, 2MASS J18543080+4823277, WOL 4 A"
111,166,3563,Kepler-16 (AB)b,Confirmed,0.333,0.016,0.016,,,,0.7538,0.0023,0.0023,228.776,0.037,0.037,0.7048,0.001,0.001,0.00685,0.00146,0.00146,90.0322,0.0023,0.0023,,2011.0,2024-08-12,318.0,22.0,22.0,,,,,,,2455212.12316,,,,,,,,,,,,,,,,,,,,,,,,,,,Published in a refereed paper,Primary Transit,,,,,Kepler-16 (AB),289.075,51.7575,12.0,,,,,,,,-0.3,0.2,0.2,0.8499,0.017,0.017,0.65,0.0,0.0,K,,,,4450.0,150.0,150.0,,,
112,167,4027,Kepler-21 Ab,Confirmed,0.02102,0.0044,0.0044,,,,0.1472,0.0018,0.0018,2.785823,3e-06,3e-06,0.0434281,3.0,3.0,0.02,0.02,0.02,83.2,0.26,0.26,0.000394,2012.0,2024-08-07,-15.0,79.0,79.0,2456797.9,0.7,0.7,,,,2455093.8365,0.0009,0.0009,,,,,,,0.62,0.014,0.014,,,,2.41,0.5,0.5,2015.0,,,,,,,,,Announced on a professional conference,Primary Transit,Radial Velocity,Primary Transit,"Kepler-21 b, KOI-975 b, WISE J190926.86+384250.7 b, HD 179070 Ab, K00975.0, KIC 3632418 b, HD 179070 b, HIP 94112 b, BD+38 3455 b, SAO 67891 b, TIC 121214185 b, TYC 3120-00963-1 b, 2MASS J19092683+3842505 b",,Kepler-21 A,287.361816,38.714016,8.27,,7.23,7.03,6.94,108.522,0.3835,0.3835,-0.03,0.1,0.1,1.408,0.03,0.03,1.902,0.012,0.012,F6IV,2.84,0.35,0.35,6305.0,50.0,50.0,,,"Kepler-21, BD+38 3455, WISE J190926.86+384250.7, HD 179070, HIP 94112, KOI-975, KIC 3632418, SAO 67891, TIC 121214185, TYC 3120-00963-1, 2MASS J19092683+3842505"
113,168,4250,Kepler-296 Ab,Confirmed,,,,,,,0.144,0.024,0.024,10.864384,4.6e-05,4.6e-05,0.079,0.013,0.013,0.33,,,,,,,2014.0,2024-07-28,,,,,,,2454964.1285,0.0039,0.0039,,,,,,,,,,0.65,0.19,0.19,,,,,,,,,,,,,,,,Announced on a website,Primary Transit,,,"WISE J190609.59+492614.2 b, Kepler-296 b, KOI-1422 b, KOI-1422.03, K01422.03, KIC 11497958 b, TIC 243271945 b, 2MASS J19060960+4926143 b",,Kepler-296 A,286.540008,49.437326,,,13.391,12.807,12.6,172.3,26.05,26.05,-0.23,0.093,0.093,0.38,0.047,0.047,0.37,0.041,0.041,M2V,4.37,2.69,2.69,3544.33,40.66,40.66,,,"KOI-1422, WISE J190609.59+492614.2, DSG 2 A, TIC 243271945, KIC 11497958, 2MASS J19060960+4926143"
114,173,4407,Kepler-34 (AB)b,Confirmed,0.22,0.011,0.011,,,,0.7637,0.0134,0.0134,288.822,0.081,0.081,1.0896,0.0009,0.0009,0.182,0.02,0.02,90.355,0.018,0.018,0.000727,2012.0,2024-08-12,,,,,,,,,,2454969.2,,,,,,,,,,,,,,,,,,,,,,,,,,,Published in a refereed paper,Primary Transit,,,KIC 8572936,,Kepler-34 (AB),296.4375,44.6416667,15.0,,,,,1499.0,33.0,33.0,-0.07,0.15,0.15,2.0687,0.0033,0.0033,1.1,0.0,0.0,G,,,,5913.0,130.0,130.0,,,
115,174,4434,Kepler-35 (AB)b,Confirmed,0.1268,0.0201,0.0201,,,,0.728,0.0134,0.0134,131.458,0.105,0.105,0.60347,0.00103,0.00103,0.042,0.004,0.004,90.76,0.09,0.09,0.000367,2012.0,2024-08-12,,,,,,,,,,2454965.85,,,,,,,,,,,,,,,,,,,,,,,,,,,Published in a refereed paper,Primary Transit,,,,,Kepler-35 (AB),294.4958333,46.69,16.0,,,,,1645.0,43.0,43.0,-0.34,0.2,0.2,1.6971,0.007,0.007,1.0,0.0,0.0,G,,,,5606.0,150.0,150.0,,,
116,175,4510,Kepler-38 (AB)b,Confirmed,0.38,0.38,0.38,,,,0.39,0.01,0.01,105.595,0.038,0.038,0.4644,0.0082,0.0082,,,,89.446,0.026,0.026,,2012.0,2024-08-12,,,,,,,,,,,,,,,,,,,,,,,,,,,,,,,,,,,,,Published in a refereed paper,Primary Transit,,,,,Kepler-38 A,286.8292,42.2792,14.3,,,,,,,,-0.158,,,0.949,0.059,0.059,1.757,0.034,0.034,,,,,5640.0,,,,,
117,176,4558,Kepler-410 Ab,Confirmed,,,,,,,0.253,0.005,0.005,17.833648,5.4e-05,5.4e-05,0.1226,0.0047,0.0047,0.17,0.32,0.32,87.72,0.15,0.15,,2013.0,2024-08-02,270.0,60.0,60.0,,,,,,,2455014.22232,0.00058,0.00058,,,,,,,,,,,,,,,,,,,,,,,,,Published in a refereed paper,Primary Transit,,,"GSC 03540-00760 b, HD 175289 b, KIC 8866102 b, KOI-42 b, KOI-42.01, SAO 47882 b, TYC 3540-760-1 b, WISE J185236.23+450824.2  b, Kepler-410 b, TOI-4589.01, BD+44 3008 b",,Kepler-410 A,283.150698,45.139832,9.5,,8.417,8.191,,132.0,6.9,6.9,0.01,0.1,0.1,1.21,0.03,0.03,1.35,0.01,0.01,F8V,2.76,0.54,0.54,6273.0,140.0,140.0,,,"BD+44 3008, GSC 03540-00760, HD 175289, KIC 8866102, KOI-42, SAO 47882, TYC 3540-760-1, WISE J185236.23+450824.2, TOI-4589"
118,177,4564,Kepler-413 (AB)b,Confirmed,0.211,0.066,0.066,,,,0.3881,0.009,0.009,66.262,,,0.3553,,,0.1181,,,89.929,,,,2013.0,2024-08-12,94.6,,,,,,,,,,,,,,,,,,,,,,,,,,,,,,,,,,,,Published in a refereed paper,Primary Transit,,,,,Kepler-413 (AB),288.5125,51.1625,,,,,,,,,,,,1.3623,,,0.7761,,,,,,,4700.0,,,,,
119,178,4578,Kepler-420 Ab,Confirmed,1.45,0.35,0.35,,,,0.94,0.12,0.12,86.647661,3.4e-05,3.4e-05,0.382,0.006,0.006,0.772,0.045,0.045,89.66,0.24,0.24,,2014.0,2024-07-28,141.3,17.0,17.0,,,,2455006.79454,0.0003,0.0003,2455006.79454,0.0004,0.0004,,,,74.0,32.0,32.0,,,,,,,,,,511.0,,,,,,,,,Published in a refereed paper,Primary Transit,,,"KOI-1257 b, 2MASS J19245404+4455385 b, K01257.01, KIC 8751933 b, KOI-1257.01, WISE J192454.01+445538.5 b, KOI-1257 Ab, TIC 159647910 b",,Kepler-420 A,291.22518,44.927383,,,13.222,12.827,,900.0,110.0,110.0,0.27,0.09,0.09,0.99,0.05,0.05,1.13,0.14,0.14,G5V,9.3,3.0,3.0,5520.0,80.0,80.0,,,"2MASS J19245404+4455385, KIC 8751933, KOI-1257 A, WISE J192454.01+445538.5, KOI-1257, TIC 159647910"
120,179,4596,Kepler-432 b,Confirmed,5.41,0.18,0.18,5.41,0.3,0.3,1.145,0.039,0.039,52.501129,5.3e-05,5.3e-05,0.301,0.016,0.016,0.5134,0.0089,0.0089,88.17,0.61,0.61,,2015.0,2021-02-05,64.1,1.5,1.5,,,,2455949.5374,0.0012,0.0012,2455949.5374,0.0018,0.0018,,,,,,,0.503,0.168,0.168,,,,286.8,4.0,4.0,,,,,,,,,,Published in a refereed paper,Primary Transit,Radial Velocity,Primary Transit,"KOI-1299 b, 2MASS J19330772+4817092 b, K01299.01, KIC 10864656 b, KOI-1299.01, WISE J193307.73+481709.3 b",,Kepler-432,293.282206,48.2859,13.0,,10.684,10.221,,870.0,20.0,20.0,-0.07,0.1,0.1,1.32,0.07,0.07,4.06,0.08,0.08,K2III,4.2,-1.0,-1.0,4995.0,78.0,78.0,,,"2MASS J19330772+4817092, KIC 10864656, KOI-1299, WISE J193307.73+481709.3"
121,181,4611,Kepler-444 Ab,Confirmed,,,,,,,0.03595,0.0036,0.0036,3.6001053,8e-06,8e-06,0.04178,0.00079,0.00079,0.16,0.1,0.1,88.0,1.2,1.2,,2015.0,2024-07-28,,,,,,,2454966.2599,0.0018,0.0018,2454966.2599,0.0018,0.0018,,,,,,,0.4,0.25,0.25,,,,,,,,,,,,,,,,Published in a refereed paper,Primary Transit,,Primary Transit,"2MASS J19190052+4138043 b, BD+41 3306 b, HIP 94931 b, K03158.01, KIC 6278762 b, KOI-3158 b, KOI-3158.01, Kepler-444 A b, LHS 3450 b, TYC 3129-00329-1 b, WISE J191900.62+413757.9 b",,Kepler-444 A,289.752289,41.634605,9.0,7.96,7.244,6.772,,36.48,0.04,0.04,-0.55,0.07,0.07,0.76,0.04,0.04,0.75,0.01,0.01,K0V,11.23,0.99,0.99,5046.0,74.0,74.0,,,"Kepler-444, HIP 94931, KIC 6278762, KOI-3158, LHS 3450, TYC 3129-00329-1, WISE J191900.62+413757.9, G 125-4, KOI-3158 A, BD+41 3306 A"
122,186,4625,Kepler-449 Ab,Confirmed,,,,,,,0.183,0.006,0.006,12.58242,0.00027,0.00027,,,,0.03,0.03,0.03,,,,,2015.0,2024-07-28,,,,,,,,,,,,,,,,,,,,,,,,,,,,,,,,,,,,,Published in a refereed paper,Primary Transit,,,"2MASS J19345587+4154030 b, K00270.01, KIC 06528464 b, KOI-270 b, KOI-270.01, WISE J193455.87+415402.5 b",,Kepler-449 A,293.732821,41.900829,11.411,,10.088,9.77,9.701,241.949,,,0.04,0.033,0.033,1.02,0.035,0.035,1.51,0.035,0.035,G2IV,9.77,1.3,1.3,5654.0,87.0,87.0,,,"KOI-270, KIC 6528464, 2MASS J19345587+4154030, WISE J193455.87+415402.5"
123,188,4628,Kepler-450 Ab,Confirmed,,,,,,,0.5424,0.0384,0.0384,28.45489091,2.486e-05,2.486e-05,0.1993,,,0.02,0.02,0.02,88.82,,,,2015.0,2024-07-31,,,,,,,,,,,,,,,,,,,0.5,0.352,0.352,,,,,,,769.0,,,,,,,,,Published in a refereed paper,Primary Transit,,Primary Transit,"WISE J194156.76+510048.6 b, KOI-279 b, KOI-279.01, TOI-5993.01, KIC 12314973 b, 2MASS J19415676+5100486 b",,Kepler-450 A,295.486509,51.0135,11.684,11.56,10.708,10.472,10.429,455.982,5.074,5.074,0.1278,0.0136,0.0136,1.191,0.142,0.142,1.641,0.107,0.107,F8IV,3.02,0.48,0.48,6152.0,,,,,"KOI-279, KIC 12314973, WISE J194156.76+510048.6, TOI-5993, 2MASS J19415676+5100486"
124,191,4631,Kepler-451 (AB)b,Confirmed,1.86,0.5,0.5,1.86,0.5,0.5,,,,406.0,4.0,4.0,0.9,0.04,0.04,0.33,0.05,0.05,,,,,2015.0,2024-08-12,302.0,8.0,8.0,,,,,,,,,,,,,,,,,,,,,,,,,,,,,,,,,,Published in a refereed paper,Timing,Timing,,,,Kepler-451 (AB),294.637500011,46.066388903,,,,,,,,,,,,0.6,0.03,0.03,,,,sdB+M,,,,,,,,,"KIC 9472174, 2MASS J19383260+4603591"
125,194,4635,Kepler-453 (AB)b,Confirmed,0.03,0.03,0.03,,,,0.55,0.0031,0.0031,240.503,0.053,0.053,,,,,,,89.4338,0.0056,0.0056,,2014.0,2024-08-12,,,,,,,,,,,,,,,,,,,,,,,,,,,,,,,,,,,,,Published in a refereed paper,Primary Transit,Theoretical,Primary Transit,"Kepler-453 b, KIC 9632895 (AB)b",,Kepler-453 A,283.241295853,46.378472239,,,,,,,,,,,,0.934,0.01,0.01,0.833,0.011,0.011,,,,,5527.0,100.0,100.0,,,KIC 9632895 A
126,195,4672,Kepler-47 (AB)b,Confirmed,,,,,,,0.27,0.011,0.011,49.514,0.04,0.04,0.2956,0.0047,0.0047,,,,89.59,0.5,0.5,,2012.0,2024-08-12,,,,,,,,,,,,,,,,,,,,,,,,,,,,,,,,,,,,,Published in a refereed paper,Primary Transit,,,,,Kepler-47 A,295.2979,46.92,,,,,,,,,,,,1.043,0.055,0.055,0.964,0.017,0.017,,,,,5636.0,100.0,100.0,,,
127,198,4969,Kepler-68 Ab,Confirmed,0.02407,0.00415,0.00415,,,,0.206,0.05,0.05,5.3988,,,0.0617,0.00056,0.00056,0.0,,,87.6,0.9,0.9,,2013.0,2024-07-28,0.0,,,,,,2455703.2978,,,2455006.85729,0.00042,0.00042,,,,,,,0.48,0.01,0.01,,,,2.7,0.46,0.46,1280.0,,,,,,,,,Published in a refereed paper,Primary Transit,,,"TOI-1290 b, KOI-246 b, KOI-246.01, K00246.01, KIC 11295426 b, TYC 3551-189-1 b, WISE J192407.75+490224.8 b, 2MASS J19240775+4902249 b",,Kepler-68 A,291.032305,49.040272,,,8.975,8.662,,144.166,0.435,0.435,0.126,0.004,0.004,1.064,0.134,0.134,1.259,0.0682,0.0682,G2IV-V,6.84,1.04,1.04,5793.0,74.0,74.0,,,"WISE J192407.75+490224.8, KOI-246, KIC 11295426, TOI-1290, BD+48 2893, 2MASS J19240775+4902249"
128,202,4976,Kepler-693 Ab,Confirmed,,,,,,,0.908,0.069,0.069,15.37563332,1.072e-05,1.072e-05,0.1121,,,,,,,,,,2016.0,2024-07-28,,,,,,,2455006.613288,0.00065,0.00065,,,,,,,,,,,,,,,,,,,,,,,,,,,,Announced on a website,Primary Transit,,Primary Transit,"Kepler-693 b, 2MASS J18530085+4021295 b, WISE J185300.84+402129.5 b, TIC 237159318 b, KOI-824 b, KOI-824.01, KIC 5164255 b",,Kepler-693 A,283.253557,40.358196,,,14.877,14.359,14.178,1151.51,54.595,54.595,-0.1,0.181,0.181,0.78,,,0.8763,,,K0V,4.47,2.71,2.71,4822.0,122.0,122.0,,,"Kepler-693, 2MASS J18530085+4021295, KIC 5164255, KOI-824, WISE J185300.84+402129.5"
129,203,5667,LTT 1445 Ab,Confirmed,0.009,0.0008,0.0008,,,,0.116,0.006,0.006,5.358766,4e-06,4e-06,0.03813,0.0007,0.0007,0.11,0.11,0.11,89.68,0.29,0.29,,2019.0,2024-09-06,222.0,61.0,61.0,,,,,,,2458412.70851,0.0004,0.0004,,,,22.0,83.0,83.0,0.17,0.12,0.12,,,,2.6,0.21,0.21,424.0,21.0,21.0,,,,,,,Published in a refereed paper,Primary Transit,Radial Velocity,Primary Transit,TOI-455 b,"H2O, NH3",LTT 1445 A,45.462500017,-16.593333353,10.53,7.88,7.29,6.77,6.49,6.9,,,-0.34,0.09,0.09,0.256,0.014,0.014,0.27,0.012,0.012,M3.5V,,,,3340.0,159.0,159.0,,,"BD-17 588 A, TOI-455"
130,206,5697,MASCARA-3 Ab,Confirmed,5.18,0.22,0.22,,,,1.272,0.022,0.022,5.5514926,8e-06,8e-06,0.06971,0.0096,0.0096,0.085,0.023,0.023,89.16,0.77,0.77,,2019.0,2024-07-31,41.0,20.0,20.0,2457146.6,0.22,0.22,,,,2457147.053,0.002,0.002,2457144.422,0.056,0.056,2.6,3.6,3.6,0.32,0.01,0.01,,,,403.0,11.0,11.0,1458.0,16.0,16.0,,,,,,,Published in a refereed paper,Primary Transit,Radial Velocity,Primary Transit,"HD 93148 b, KELT-24 b, KELT-24 Ab",,MASCARA-3 A,161.908333346,71.655833351,8.4,,,,,96.79,0.3,0.3,0.168,0.058,0.058,1.309,0.018,0.018,1.513,0.031,0.031,F7IV-V,2.81,0.79,0.79,6347.0,64.0,64.0,,,"KELT-24, HD 93148"
131,207,5763,NGTS-10 Ab,Confirmed,2.162,0.107,0.107,,,,1.205,0.083,0.083,0.7668944,3e-07,3e-07,0.0143,0.001,0.001,0.0,,,79.0,2.0,2.0,,,2024-07-31,,,,,,,,,,2457518.84377,0.00017,0.00017,,,,,,,,,,,,,595.0,7.0,7.0,1332.0,54.0,54.0,,,,,,,Published in a refereed paper,Primary Transit,Spectrum,Primary Transit,,,NGTS-10 A,91.870833343,-25.595000021,14.3,,,,,,,,-0.02,0.12,0.12,0.696,0.04,0.04,0.697,0.036,0.036,K5V,10.4,2.5,2.5,4400.0,100.0,100.0,,,
132,208,5784,NGTS-3A b,Confirmed,2.38,0.26,0.26,,,,1.48,0.37,0.37,1.6753728,3e-06,3e-06,0.023,0.0046,0.0046,0.0,,,89.56,0.48,0.48,,2018.0,2018-08-16,,,,,,,,,,2457620.1679,0.00095,0.00095,,,,,,,0.05,0.035,0.035,,,,404.0,35.0,35.0,,,,,,,,,,Published in a refereed paper,Primary Transit,Radial Velocity,Primary Transit,,,NGTS-3A,94.444801,-35.706394,14.6,,,,,1010.0,150.0,150.0,0.12,0.15,0.15,1.017,0.093,0.093,0.93,0.23,0.23,G9V,,,,5570.0,140.0,140.0,,,
133,209,5804,NN Ser (AB)c,Confirmed,6.91,0.54,0.54,,,,,,,5660.0,165.0,165.0,5.38,0.2,0.2,0.0,,,,,,0.01076,2010.0,2024-08-12,,,,,,,,,,,,,,,,,,,,,,,,,,,,,,,,,,,,,Published in a refereed paper,Timing,,,,,NN Ser (AB),238.2333333,12.9130556,16.6,,,,,500.0,,,,,,0.646,,,,,,DAO1+M4V,,,,,,,IR Excess,,
134,212,5831,NY Vir (AB)b,Confirmed,2.78,,,,,,,,,2987.745,,,3.39,,,,,,,,,,2011.0,2024-08-12,,,,,,,,,,,,,,,,,,,,,,,,,,,,,,,,,,,,,Published in a refereed paper,Timing,,,NY Vir b,,NY Vir (AB),204.7,-2.0302778,13.3,,,,,,,,,,,0.6,,,,,,sdB+M6V,,,,33000.0,,,,,
135,214,5840,OGLE-2007-BLG-349L (AB)b,Confirmed,0.25,0.041,0.041,,,,,,,,,,2.59,0.34,0.34,,,,,,,,2016.0,2024-08-12,,,,,,,,,,,,,,,,,,,,,,,,,,,,,,,,,,,,,Published in a refereed paper,Microlensing,Microlensing,,,,OGLE-2007-BLG-349L (AB),271.350000008,-26.421944457,,,,,,2760.0,380.0,380.0,,,,0.71,0.12,0.12,,,,,,,,,,,,,
136,215,5842,OGLE-2008-BLG-092L Ab,Confirmed,0.18,,,,,,,,,,,,15.0,,,,,,,,,,2014.0,2024-07-28,,,,,,,,,,,,,,,,,,,,,,,,,,,,,,,,,,,,,Published in a refereed paper,Microlensing,,,OGLE-2008-BLG-092L b,,OGLE-2008-BLG-092L A,266.872583343,-34.7265555778,,13.9,,,,7000.0,,,,,,0.71,,,,,,,,,,,,,,,OGLE-2008-BLG-092L
137,216,5863,OGLE-2013-BLG-0341L b,Confirmed,0.00522291791209,0.00056634049649,0.00056634049649,,,,,,,,,,0.702,0.022,0.022,,,,,,,,2014.0,2014-07-04,,,,,,,,,,,,,,,,,,,,,,,,,,,,,,,,,,,,,Published in a refereed paper,Microlensing,,,,,OGLE-2013-BLG-0341L,268.029166669,-29.846111138,,,,,,911.0,70.0,70.0,,,,0.1127,0.0089,0.0089,,,,,,,,,,,,,
138,217,6028,Proxima Centauri b,Confirmed,0.00337,0.00019,0.00019,0.00337,0.00019,0.00019,,,,11.1881,0.006,0.006,0.04856,0.003,0.003,0.02,0.02,0.02,,,,,2016.0,2024-06-16,290.0,,,245813.5,2.1,2.1,,,,,,,,,,,,,,,,,,,1.22,0.17,0.17,216.0,99.0,99.0,,,,,,,Published in a refereed paper,Radial Velocity,Radial Velocity,,"alpha Cen C b, GL 551 C b, HIP 70890 b",,Proxima Centauri,217.428938029,-62.679444468,11.13,,,,,1.295,,,,,,0.12,0.015,0.015,0.141,0.021,0.021,M5.5V,,,,3050.0,100.0,100.0,,,"alpha Cen C, GL 551, HIP 70890"
139,219,6030,psi1 Aqr Ab,Confirmed,3.2,,,3.2,,,,,,181.4,0.1,0.1,0.7,,,0.027,0.026,0.026,,,,0.006593,2003.0,2024-07-29,177.3,0.8,0.8,2453472.1,24.0,24.0,,,,,,,,,,,,,,,,,,,91.0,2.3,2.3,,,,,,,,,,Published in a refereed paper,Radial Velocity,,,"HD 219449 b, 91 Aqr b",,psi1 Aqr A,348.9708333,-9.0875,4.21,,,,,45.9,0.6,0.6,-0.03,0.1,0.1,1.4,0.1,0.1,11.0,0.1,0.1,K0III,3.56,0.63,0.63,4665.0,18.0,18.0,,,"91 Aqr, HD 219449"
140,220,6050,PSR B1620-26 (AB)b,Confirmed,2.5,1.0,1.0,,,,,,,36525.0,0.0,0.0,23.0,0.0,0.0,,,,,,,0.006053,2003.0,2024-08-12,,,,,,,,,,,,,,,,,,,,,,,,,,,,,,,,,,,,,Published in a refereed paper,Timing,,,,,PSR B1620-26 (AB),245.9083333,-26.5313889,24.0,,,,,3800.0,,,,,,1.35,,,,,,PSR,,,,,,,,,
141,221,6147,Ross 458 (AB)b,Confirmed,11.3,4.5,4.5,,,,1.07,0.07,0.07,,,,1168.0,,,,,,,,,10.245614,2010.0,2024-08-12,,,,,,,,,,,,,,,,,,,,,,,,,,,,,,,677.0,,,,,4.35,Published in a refereed paper,Imaging,,,"Ross 458 C, HIP 63510 C, GJ 494 C, WISEPC J130041.65+122114.6","CH4, H2, H2O, K",Ross 458,195.1958333,12.3758333,9.76,,,,,11.7,0.2,0.2,0.0,,,0.6,0.08,0.08,,,,M0.5V,0.475,0.325,0.325,,,,,,"DT Virginis, HIP 63510, GI 494"
142,222,6150,ROXs 42B (AB)b,Confirmed,9.0,3.0,3.0,,,,2.5,,,,,,140.0,10.0,10.0,,,,,,,,2013.0,2024-07-24,,,,,,,,,,,,,,,,,,,,,,,,,,,,,,,1975.0,,,,,3.6,Published in a refereed paper,Imaging,,,ROXs 42B b,"CO, H2O, K",ROXs 42B (AB),247.8125,-24.5456,14.27,,,,,135.0,5.0,5.0,,,,0.6,,,,,,M0 D,0.0068,0.0023,0.0023,2200.0,200.0,200.0,,,
143,223,6151,RR Cae (AB) b,Confirmed,3.0,0.3,0.3,3.0,0.3,0.3,,,,5479.0,219.0,219.0,5.2,0.1,0.1,0.0,,,,,,,2012.0,2023-04-22,,,,,,,,,,,,,,,,,,,,,,,,,,,,,,,,,,,,,Published in a refereed paper,Timing,TTV,,RR Cae b,,RR Cae (AB),65.275,-48.6519444,14.4,,,,,,,,,,,0.622,,,,,,DAZ8+dM,,,,,,,,,
144,224,6302,SR 12 (AB) c,Confirmed,13.0,7.0,7.0,,,,,,,,,,1083.0,217.0,217.0,,,,,,,8.664,2011.0,2022-04-14,,,,,,,,,,,,,,,,,,,,,,,,,,,,,,,,,,,,,Published in a refereed paper,Imaging,Spectrum,,,,SR 12 (AB),246.8333333,-24.6944444,13.28,,,,,125.0,25.0,25.0,,,,,,,,,,K4-M2.5,0.001,inf,inf,,,,,,
145,225,6318,tau Boo Ab,Confirmed,5.84,0.55,0.55,4.13,0.2,0.2,1.06,,,3.31249,3.12595e-05,3.12595e-05,0.046,,,0.0787,0.0246,0.0246,45.0,4.0,4.0,0.002949,1996.0,2024-08-06,218.4,25.0,25.0,2450529.2,,,,,,,,,,,,,,,,,,2450234.59,0.2,0.2,469.59,14.86,14.86,,,,,,,,,,Published in a refereed paper,Radial Velocity,,Theoretical,tau Bo&ouml; b,"CO, H2O",tau Boo A,206.8208333,17.4561111,4.5,3.85,3.62,3.55,3.36,15.6521,0.08425,0.08425,0.264,0.02,0.02,1.32,0.214,0.214,1.426,0.057,0.057,F6V,1.3,0.6,0.6,6466.27,106.034,106.034,,,"tau Bootis, 4 Boo, HD 120136, GJ 527 A"
146,226,6420,TOI-132 Ab,Confirmed,0.0705,0.00604,0.00604,,,,0.3051,0.0125,0.0125,2.1097019,1.2e-05,1.2e-05,0.026,0.003,0.003,0.059,0.037,0.037,85.03,1.84,1.84,,2019.0,2024-08-04,25.88,38.05,38.05,,,,,,,2458343.77954,0.00093,0.00093,,,,,,,0.533,0.137,0.137,,,,11.38,0.85,0.85,1395.0,72.0,72.0,,,,,,,Published in a refereed paper,Primary Transit,Radial Velocity,Primary Transit,TOI-132.01,,TOI-132 A,338.400000012,-43.436666678,11.3,,,,,164.47,27.32,27.32,0.16,0.1,0.1,0.97,0.06,0.06,0.9,0.02,0.02,G8V,6.34,2.35,2.35,5397.0,46.0,46.0,,,
147,227,6422,TOI-1338 (AB)b,Confirmed,0.069,0.069,0.069,0.0686,0.066,0.066,0.5986,0.0303,0.0303,95.174,0.0035,0.0035,0.4607,0.0088,0.0088,0.088,0.0043,0.0043,89.22,0.26,0.26,,2020.0,2024-08-12,263.0,4.8,4.8,,,,,,,,,,,,,,,,,,,,,,2.4,2.3,2.3,724.0,,,,,,,,,Published in a refereed paper,Primary Transit,Radial Velocity,Primary Transit,"BEBOP-1 b, EBLM J0608-59 b",,TOI-1338,92.133333344,-59.541111128,11.5,,,,,399.0,,,-0.4,0.1,0.1,,,,3.1,0.38,0.38,,,,,5723.0,110.0,110.0,,,"EBLM J0608-69, BEBOP-1"
148,229,6469,TOI-1634 Ab,Confirmed,0.01545,0.0022,0.0022,,,,0.1597,0.00723,0.00723,0.989343,1.5e-05,1.5e-05,0.01545,0.00014,0.00014,0.16,0.16,0.16,88.2,1.1,1.1,,2021.0,2024-07-28,,,,,,,,,,2458791.51473,0.00061,0.00061,,,,,,,0.24,0.13,0.13,,,,5.04,0.72,0.72,924.0,22.0,22.0,,,,,,,Published in a refereed paper,Primary Transit,Radial Velocity,Primary Transit,,,TOI-1634 A,56.391666678,37.112222234,13.2,,,,,35.274,0.053,0.053,0.23,0.08,0.08,0.502,0.014,0.014,0.45,0.013,0.013,M2V,,,,3550.0,69.0,69.0,,,
149,231,6697,TOI-421 Ab,Confirmed,0.0211,0.0019,0.0019,,,,0.2355,0.0071,0.0071,5.197576,5e-06,5e-06,0.0554,0.001,0.001,0.13,0.05,0.05,88.3,0.07,0.07,,2020.0,2024-07-30,140.0,30.0,30.0,,,,,,,2459189.7341,0.0005,0.0005,,,,,,,0.94,0.01,0.01,,,,2.83,0.2,0.2,922.0,14.0,14.0,,,,,,,Published in a refereed paper,Primary Transit,Radial Velocity,Primary Transit,"BD-14 1137 b, TOI-421.02",,TOI-421 A,81.854166675,-14.276944458,9.93,,8.55,8.22,8.07,74.797,0.2029,0.2029,-0.02,0.05,0.05,0.852,0.021,0.021,0.871,0.012,0.012,G9/K0V,9.4,3.1,3.1,5325.0,58.0,58.0,,,BD-14 1137
150,233,6837,TOI-732 Ab,Confirmed,0.00774,0.0006,0.0006,,,,0.11821,0.00517,0.00517,0.76837931,4e-07,4e-07,0.01195,0.00029,0.00029,0.0,,,86.1,0.7,0.7,,2020.0,2024-07-31,,,,,,,,,,2459606.58098,0.0004,0.0004,,,,,,,0.462,0.094,0.094,,,,3.24,0.2,0.2,903.0,26.0,26.0,,,,,,,Published in a refereed paper,Primary Transit,Radial Velocity,Primary Transit,LTT 3780 b,,TOI-732 A,154.64485,-11.71784,,,,,,22.04,0.03,0.03,0.06,0.1,0.1,0.38,0.034,0.034,0.38,0.012,0.012,M3V,3.1,1.0,1.0,3358.0,92.0,92.0,,,LTT 3780
151,235,6868,TOI-905 Ab,Confirmed,0.667,0.042,0.042,,,,1.171,0.053,0.053,3.739494,3.8e-05,3.8e-05,0.04666,0.001,0.001,0.024,0.017,0.017,85.68,0.26,0.26,,2019.0,2024-08-01,39.0,82.0,82.0,,,,,,,2458628.35101,0.00026,0.00026,,,,,,,0.816,0.012,0.012,,,,89.1,3.8,3.8,1192.0,36.0,36.0,,,,,,,Published in a refereed paper,Primary Transit,Spectrum,Primary Transit,,,TOI-905 A,227.658333346,-71.361666683,11.2,,,,,159.4,0.8,0.8,0.2,0.1,0.1,0.85,0.1,0.1,1.14,0.03,0.03,G8V,3.4,2.3,2.3,5300.0,100.0,100.0,,,
152,236,6885,TrES-2 Ab,Confirmed,1.253,0.052,0.052,,,,1.189,0.025,0.025,2.4706133738,1.87e-08,1.87e-08,0.03555,0.00075,0.00075,0.0,,,83.908,0.009,0.009,0.000162,2006.0,2024-07-29,,,,,,,,,,2453957.6355,1.29e-05,1.29e-05,,,,,,,,,,,,,,,,1455.0,,,,,,,,,Submitted to a professional journal,Primary Transit,,,"TrES-2, Kepler-1 Ab, Kepler-1 b, TOI-2140.01",,TrES-2 A,286.8083333,49.3163889,11.41,,,,,220.0,10.0,10.0,-0.15,0.1,0.1,0.98,0.062,0.062,1.0,0.036,0.036,G0V,5.1,2.7,2.7,5850.0,50.0,50.0,,,"Kepler-1, TOI-2140, GSC 03549-02811"
153,237,6887,TrES-4 Ab,Confirmed,0.917,0.07,0.07,,,,1.706,0.056,0.056,3.5539268,3.2e-06,3.2e-06,0.05084,0.0005,0.0005,0.0,,,82.81,0.37,0.37,0.000106,2007.0,2024-07-31,,,,,,,,,,2454230.90524,0.00062,0.00062,,,,,,,,,,,,,,,,,,,,,,,,,Submitted to a professional journal,Primary Transit,,,"TrES-4, TOI-2124.01",,TrES-4 A,268.3041667,37.2116667,11.592,,,,,479.0,26.0,26.0,0.14,0.09,0.09,1.388,0.042,0.042,1.798,0.052,0.052,F8IV,2.9,0.3,0.3,6200.0,75.0,75.0,,,"TOI-2124, GSC 02620-00648, DAE 11 A"
154,238,6950,ups And Ab,Confirmed,0.62,0.09,0.09,0.62,0.09,0.09,,,,4.61711,0.00018,0.00018,0.059,0.001,0.001,0.01186,0.006,0.006,90.0,0.0,0.0,0.00438,1996.0,2024-07-21,44.519,24.0,24.0,2450034.058,0.3,0.3,,,,,,,,,,,,,,,,,,,70.519,0.0368,0.0368,,,,,,,,,,Published in a refereed paper,Radial Velocity,Radial Velocity,,HD 9826 b,,ups And A,24.2,41.4105556,4.09,,,,,13.47,0.13,0.13,0.09,0.06,0.06,1.27,0.06,0.06,1.631,0.014,0.014,F8IV,3.8,1.0,1.0,6212.0,80.0,80.0,,,"50 And, HD 9826"
155,242,7007,WASP-122 Ab,Confirmed,1.401,0.075,0.075,1.372,0.072,0.072,1.792,0.069,0.069,1.7100567,3.6e-06,3.6e-06,0.03107,0.00079,0.00079,0.0,0.0,0.0,78.35,0.31,0.31,,2015.0,2024-07-28,,,,,,,,,,2456665.22403,0.00022,0.00022,,,,,,,0.8608,0.0073,0.0073,,,,185.2,2.3,2.3,1970.0,50.0,50.0,,,,,,,Published in a refereed paper,Primary Transit,,Primary Transit,"KELT-14 Ab, TOI-501 b, TOI-501.01",,WASP-122 A,108.300000004,-42.409722238,11.0,,9.8,9.48,9.42,250.121,1.539,1.539,0.32,0.09,0.09,1.06,0.139,0.139,1.508,0.0734,0.0734,G1IV,,,,5875.0,132.839,132.839,,,"KELT-14 A, TOI-501"
156,243,7015,WASP-12 Ab,Confirmed,1.47,0.069,0.069,1.46,0.068,0.068,1.9,0.055,0.055,1.09141937,0.0,0.0,0.02344,0.00056,0.00056,0.0,,,83.37,0.64,0.64,5.4e-05,2008.0,2024-07-29,,,,,,,,,,2457103.28365,3.2e-05,3.2e-05,,,,,,,0.339,0.0017,0.0017,,,,226.4,4.1,4.1,2593.0,57.0,57.0,,,0.086,0.017,0.017,,Published in a refereed paper,Primary Transit,Radial Velocity,Primary Transit,,"C, Ca, CH4, CO, CO2, Fe, H, H2, H2O, HCN, He, Mg, Na, Ni, O I, SiO, Ti, TiO, VO",WASP-12 A,97.6375,29.6722222,11.69,11.03,10.48,10.23,10.19,432.5,6.1,6.1,0.3,0.1,0.1,1.434,0.09,0.09,1.657,0.044,0.044,G0IV,1.7,0.8,0.8,6360.0,140.0,140.0,,,
157,244,7016,WASP-130 Ab,Confirmed,1.23,0.04,0.04,,,,0.89,0.03,0.03,11.55098,1e-05,1e-05,0.1012,0.0014,0.0014,0.0,,,88.66,0.12,0.12,,2016.0,2024-07-28,,,,,,,,,,2456921.14307,2.5e-05,2.5e-05,,,,,,,0.53,0.03,0.03,,,,108.0,2.0,2.0,833.0,,,,,,,,,Published in a refereed paper,Primary Transit,Radial Velocity,Primary Transit,,,WASP-130 A,203.104166675,-42.475277794,11.1,,,,,180.0,30.0,30.0,0.26,0.1,0.1,1.04,0.04,0.04,0.96,0.03,0.03,G4V,2.0,,,5625.0,90.0,90.0,,,
158,245,7017,WASP-131 Ab,Confirmed,0.27,0.02,0.02,,,,1.19,0.04,0.04,5.3220096,1.5e-06,1.5e-06,0.0602,0.0024,0.0024,0.0,,,85.1,0.2,0.2,,2016.0,2024-08-15,,,,,,,,,,2458601.58015,0.0003,0.0003,,,,161.0,5.0,5.0,0.72,0.015,0.015,,,,30.5,1.7,1.7,1466.0,28.0,28.0,,,,,,,Published in a refereed paper,Primary Transit,Radial Velocity,Primary Transit,,,WASP-131 A,210.191666682,-30.583611123,10.1,,,,,250.0,50.0,50.0,0.18,0.08,0.08,1.06,0.06,0.06,1.53,0.05,0.05,G0IV,7.25,2.75,2.75,6030.0,90.0,90.0,,,
159,246,7035,WASP-145 Ab,Confirmed,0.89,0.04,0.04,,,,0.9,0.04,0.04,1.7690381,8e-07,8e-07,0.0261,0.0005,0.0005,0.0,0.0,0.0,83.3,1.3,1.3,,2018.0,2024-08-04,,,,,,,,,,2456844.16526,0.00026,0.00026,,,,,,,0.97,0.09,0.09,,,,178.0,6.0,6.0,1200.0,60.0,60.0,,,,,,,Published in a refereed paper,Primary Transit,,Primary Transit,TOI-2206.01,,WASP-145 A,322.254166667,-58.83611113,11.5,,,,,,,,-0.04,0.1,0.1,0.76,0.04,0.04,0.68,0.07,0.07,K2V,0.5,0.0,0.0,4900.0,150.0,150.0,,,TOI-2206
160,247,7078,WASP-189 Ab,Confirmed,1.99,0.14,0.14,,,,1.619,0.021,0.021,2.724033,4.2e-06,4.2e-06,0.05053,0.00098,0.00098,0.0,,,84.03,0.14,0.14,,2018.0,2024-07-31,,,,,,,,,,2458626.041696,6.5e-05,6.5e-05,,,,89.3,1.4,1.4,0.4537,0.0072,0.0072,,,,182.0,13.0,13.0,3353.0,34.0,34.0,3435.0,,,,,,Published in a refereed paper,Primary Transit,Radial Velocity,Primary Transit,,"Cr, Fe, Fe+, Mg, Mn, Ti, Ti+, TiO, V",WASP-189 A,225.686916682,-3.0313611232,6.6,,,,,99.0,1.0,1.0,0.0,,,1.887,0.057,0.057,2.33,0.12,0.12,A6IV-V,0.855,0.08,0.08,7996.0,99.0,99.0,,,"HR 5599, HD 133112"
161,248,7086,WASP-20 Ab,Confirmed,0.313,0.018,0.018,,,,1.459,0.057,0.057,4.8996285,3.4e-06,3.4e-06,0.06003,0.00067,0.00067,0.0,,,85.57,0.022,0.022,,2011.0,2024-07-28,,,,,,,,,,2455715.65562,0.00028,0.00028,,,,8.1,3.6,3.6,,,,,,,,,,1379.0,,,,,,,,,Announced on a professional conference,Primary Transit,,,WASP-20 b,H2O,WASP-20 A,5.16056709618,-23.9357130761,10.68,,,,,210.0,20.0,20.0,-0.009,0.061,0.061,1.202,0.04,0.04,1.392,0.044,0.044,,7.0,2.0,2.0,5950.0,100.0,100.0,,,"CD-24 102, TYC 6413-439-1, 2MASS J00203853-2356086, WASP-20"
162,249,7094,WASP-29 Ab,Confirmed,0.243,0.02,0.02,,,,0.775,0.031,0.031,3.92271218,2.5e-07,2.5e-07,0.047,0.0025,0.0025,0.03,0.03,0.03,89.468,0.018,0.018,0.000571,2010.0,2024-08-05,,,,,,,,,,2458356.41487,3.2e-05,3.2e-05,,,,,,,0.116,0.0039,0.0039,,,,,,,,,,,,,,,,Published in a refereed paper,Primary Transit,Radial Velocity,Primary Transit,TOI-192.01,,WASP-29 A,357.8791667,-39.9066667,11.3,,,,,80.0,,,0.11,0.14,0.14,0.825,0.033,0.033,0.846,0.048,0.048,K4V,15.0,8.0,8.0,4800.0,150.0,150.0,,,TOI-192
163,250,7095,WASP-2 Ab,Confirmed,0.847,0.045,0.045,,,,1.079,0.033,0.033,2.15222144,4e-07,4e-07,0.03138,0.011,0.011,0.0,,,84.73,0.19,0.19,0.000218,2006.0,2024-07-28,,,,,,,,,,2453991.5153,0.00017,0.00017,,,,,,,,,,,,,,,,,,,,,,,,,Published in a refereed paper,Primary Transit,,,WASP-2 b,,WASP-2 A,307.725,6.4294444,11.98,,,,,144.0,,,-0.08,0.08,0.08,0.84,0.11,0.11,0.834,0.08,0.08,K1V,,,,5150.0,80.0,80.0,,,WASP-2
164,251,7131,WASP-59 Ab,Confirmed,0.863,0.045,0.045,,,,0.775,0.068,0.068,7.919585,1e-05,1e-05,0.0697,0.011,0.011,0.1,0.042,0.042,89.27,0.32,0.32,,2011.0,2024-09-06,74.0,15.0,15.0,,,,,,,2455830.95559,0.00053,0.00053,,,,16.0,16.0,16.0,0.29,0.18,0.18,,,,0.1096,0.044,0.044,670.0,35.0,35.0,,,,,,,Announced on a professional conference,Primary Transit,Radial Velocity,Primary Transit,TOI-5969.01,,WASP-59 A,349.625,24.8892,13.0,,,,,125.0,25.0,25.0,-0.15,0.11,0.11,0.719,0.035,0.035,0.613,0.044,0.044,K5V,0.5,0.7,0.7,4650.0,150.0,150.0,,,TOI-5969
165,252,7144,WASP-70 Ab,Confirmed,0.59,0.022,0.022,0.59,0.022,0.022,1.164,0.073,0.073,3.7130203,4.7e-06,4.7e-06,0.04853,0.00062,0.00062,0.0,,,87.12,1.24,1.24,,2011.0,2024-08-04,,,,,,,,,,2455736.50348,0.00027,0.00027,,,,,,,0.431,,,,,,,,,1387.0,,,,,,,,,Announced on a professional conference,Primary Transit,Radial Velocity,Primary Transit,HD 358155 b,,WASP-70 A,315.475000018,-13.433333355,10.79,,,,,245.0,20.0,20.0,-0.006,0.063,0.063,1.106,0.042,0.042,1.215,0.064,0.064,G2IV-V,9.5,0.5,0.5,5763.0,79.0,79.0,,,HD 358155
166,253,7146,WASP-72 Ab,Confirmed,1.446,0.053,0.053,,,,1.27,0.2,0.2,2.2167421,8.1e-06,8.1e-06,0.03711,0.00051,0.00051,0.017,,,81.6,2.6,2.6,,2013.0,2024-07-31,,,,,,,,,,,,,,,,,,,0.66,0.12,0.12,,,,178.8,4.6,4.6,2210.0,130.0,130.0,,,,,,,Published in a refereed paper,Primary Transit,,Primary Transit,"TOI-264 b, TOI-264 Ab, TOI-264.01",,WASP-72 A,41.0417,-30.1692055556,9.6,10.43,9.96,9.72,9.61,434.754,8.379,8.379,-0.361,0.0668,0.0668,1.03,0.131,0.131,2.66,0.128,0.128,G2IV,5.0,1.2,1.2,5773.47,111.088,111.088,,,"TOI-264, CD-30 1019"
167,254,7151,WASP-77 Ab,Confirmed,1.759,0.005,0.005,,,,1.21,0.02,0.02,1.3600288,1e-07,1e-07,0.02345,0.0004,0.0004,0.0135,0.0006,0.0006,87.18,0.3,0.3,,2012.0,2024-08-02,-88.3,0.24,0.24,,,,,,,2458412.344742,4e-05,4e-05,,,,-8.0,19.0,19.0,0.26,0.03,0.03,,,,327.2,0.9,0.9,1693.0,25.0,25.0,,,,,,3.441,Published in a refereed paper,Primary Transit,Radial Velocity,Primary Transit,"TOI-398 b, TOI-398 Ab, TOI-398.01","13CO, CO, H2O",WASP-77 A,37.1542,-7.0606,11.29,,,,,,,,0.0,0.11,0.11,1.002,0.045,0.045,0.955,0.015,0.015,G8V,1.0,0.5,0.5,5500.0,80.0,80.0,,,"BD-07 436, TOI-398, 2MASS J02283722-0703384"
168,255,7162,WASP-85 Ab,Confirmed,1.265,0.065,0.065,1.265,0.065,0.065,1.24,0.03,0.03,2.6556777,4.4e-07,4.4e-07,0.039,0.001,0.001,0.0,,,89.69,0.03,0.03,,2016.0,2024-07-31,,,,,,,2456847.47286,1.4e-05,1.4e-05,2456847.47286,1.4e-05,1.4e-05,,,,,,,0.047,0.018,0.018,,,,,,,1452.0,,,,,,,,,Submitted to a professional journal,Primary Transit,Radial Velocity,Primary Transit,"WASP-85 b, TOI-5144.01, EPIC 201862715 b, K2-94 b, EPIC 201862715.01","H, Li",WASP-85 A,175.908333346,6.563611133,11.2,,,,,,,,,,,1.09,0.08,0.08,0.935,0.023,0.023,G8V,,,,6112.0,27.0,27.0,,,"K2-94, K2-94 A, TOI-5144, TOI-5144 A"
169,256,7166,WASP-8 Ab,Confirmed,2.244,0.093,0.093,,,,1.038,0.047,0.047,8.158715,1.5e-05,1.5e-05,0.0801,0.0016,0.0016,0.31,0.0024,0.0024,88.55,0.17,0.17,0.000921,2008.0,2024-08-04,274.27,0.18,0.18,,,,,,,2454679.33394,0.00043,0.00043,,,,,,,,,,,,,,,,,,,,,,,,,Published in a refereed paper,Primary Transit,,,TOI-191.01,,WASP-8 A,359.9,-35.0313889,9.9,,,,,87.0,7.0,7.0,0.17,0.07,0.07,1.033,0.05,0.05,0.953,0.058,0.058,G6V,4.0,1.0,1.0,5600.0,80.0,80.0,,,TOI-191
170,258,7172,WASP-94 Ab,Confirmed,0.452,0.032,0.032,,,,1.665,0.05,0.05,3.95020219,5e-07,5e-07,0.055,0.001,0.001,0.0,0.0,0.0,88.14,0.04,0.04,,2014.0,2024-07-31,,,,,,,,0.00026,0.00026,2458328.29891,0.00014,0.00014,,,,151.0,23.0,23.0,0.22,0.05,0.05,,,,45.4,2.7,2.7,1625.0,22.0,22.0,,,,,,,Published in a refereed paper,Primary Transit,Radial Velocity,Primary Transit,"TOI-107 b, TOI-107.01",,WASP-94 A,313.783083336,-34.1355277822,10.1,,,,,,,,0.26,0.15,0.15,1.29,0.1,0.1,1.36,0.13,0.13,F8,,,,6170.0,80.0,80.0,,,
171,259,7173,WASP-94 B b,Confirmed,0.618,0.029,0.029,0.618,0.029,0.029,,,,2.00839,0.00024,0.00024,0.0335,0.0005,0.0005,,,,,,,,2014.0,2015-10-19,,,,,,,,,,,,,,,,,,,,,,,,,86.0,2.7,2.7,,,,,,,,,,Published in a refereed paper,Radial Velocity,,,,,WASP-94 B,313.78816667,-34.1355277822,10.5,,,,,,,,0.23,0.14,0.14,1.24,0.09,0.09,1.35,0.12,0.12,F9,,,,6040.0,90.0,90.0,,,
172,260,7298,XO-2N b,Confirmed,0.62,0.02,0.02,,,,0.973,0.03,0.03,2.615838,8e-06,8e-06,0.0369,0.002,0.002,0.045,0.024,0.024,88.7,1.3,1.3,0.000248,2007.0,2024-07-17,,,,,,,,,,2454147.74902,0.0002,0.0002,,,,,,,,,,,,,,,,,,,,,,,,,Announced on a professional conference,Primary Transit,,,"TOI-1720 b, TOI-1720.01","K, Na",XO-2N,117.0291667,50.2258333,11.14,10.24,9.74,9.34,9.3,149.0,4.0,4.0,0.37,0.07,0.07,0.96,0.05,0.05,0.998,0.033,0.033,G9/K0V,2.0,,,5290.0,18.0,18.0,,,"BD+50 1471, TOI-1720, BVD 68 B, TIC 356473034"
173,261,7299,XO-2S b,Confirmed,0.26,0.01,0.01,0.26,0.01,0.01,,,,18.22,0.001,0.001,0.1347,0.0025,0.0025,0.15,0.02,0.02,,,,,2014.0,2024-07-17,-59.1,7.0,7.0,,,,,,,,,,,,,,,,,,,58834.8,0.4,0.4,20.4,0.43,0.43,,,,,,,,,,Published in a refereed paper,Radial Velocity,Radial Velocity,,"2MASS J07480748+5013032 b, GSC 3413-210 b, TYC 3413-210-1 b, WISE J074807.44+501301.5 b",,XO-2S,117.031172594234,50.217571619319,11.2,10.2,9.74,9.37,9.27,149.0,4.0,4.0,0.32,0.08,0.08,0.98,0.05,0.05,1.02,0.09,0.09,G8V,7.1,2.5,2.5,5325.0,37.0,37.0,,,TIC 356473029
